Periode,migas,sim
1/1/2016,1.46597E+11,2538412294
2/1/2016,1.46597E+11,2538412294
3/1/2016,1.46597E+11,2538412294
4/1/2016,1.46597E+11,1328822520
5/1/2016,3.44483E+11,4140569370
6/1/2016,4940466828,3889222625
7/1/2016,2.64719E+11,3617950980
8/1/2016,568028418,3742693020
9/1/2016,1.46597E+11,2538412294
10/1/2016,1.46597E+11,2538412294
11/1/2016,1.73968E+11,4971049330
12/1/2016,36993303534,3930837785
1/13/2016,95181731807,3317041235
1/14/2016,2.22637E+11,3177440060
1/15/2016,1.14221E+11,2965463215
1/16/2016,1.46597E+11,2538412294
1/17/2016,1.46597E+11,2538412294
1/18/2016,1.46597E+11,4370471560
1/19/2016,29465366240,3740184720
1/20/2016,1.46597E+11,3106313550
1/21/2016,1.46597E+11,3208732160
1/22/2016,1.3009E+11,2643011420
1/23/2016,1.46597E+11,2538412294
1/24/2016,1.46597E+11,2538412294
1/25/2016,1.46597E+11,4112005075
1/26/2016,91586168801,3434877625
1/27/2016,12590279807,3136419450
1/28/2016,2.39223E+11,3165087040
1/29/2016,2.57695E+11,5012847065
1/30/2016,1.46597E+11,2538412294
1/31/2016,1.46597E+11,2538412294
1/2/2016,1.84212E+11,3417571945
2/2/2016,1.20354E+12,3349328800
3/2/2016,1.46597E+11,3356916700
4/2/2016,35764026,2994073300
5/2/2016,1.35039E+11,3063186625
6/2/2016,1.46597E+11,2538412294
7/2/2016,1.46597E+11,2538412294
8/2/2016,1.46597E+11,2538412294
9/2/2016,2.61518E+11,4516258250
10/2/2016,1.46597E+11,4241854925
11/2/2016,1.42422E+11,3237061110
12/2/2016,4.14626E+11,3248210545
2/13/2016,1.46597E+11,2538412294
2/14/2016,1.46597E+11,2538412294
2/15/2016,1.39573E+11,4028364000
2/16/2016,1.29154E+11,3969684535
2/17/2016,1.25817E+11,2933560070
2/18/2016,33134269767,2727299175
2/19/2016,1.46597E+11,2929390920
2/20/2016,1.46597E+11,2538412294
2/21/2016,1.46597E+11,2538412294
2/22/2016,2.48171E+11,3756592015
2/23/2016,79606765642,3409138145
2/24/2016,1.46597E+11,2708261270
2/25/2016,1.46597E+11,2373146100
2/26/2016,1415730058,2885368285
2/27/2016,1.46597E+11,2538412294
2/28/2016,1.46597E+11,2538412294
2/29/2016,52435378983,6009852340
1/3/2016,11083810836,2432236380
2/3/2016,6.9456E+11,2961702950
3/3/2016,2.25584E+11,3161903130
4/3/2016,1.46597E+11,3651022430
5/3/2016,1.46597E+11,2538412294
6/3/2016,1.46597E+11,2538412294
7/3/2016,1.46597E+11,5595732230
8/3/2016,77496985834,4841082855
9/3/2016,1.46597E+11,2538412294
10/3/2016,54187096848,4101244650
11/3/2016,58393657662,4512776000
12/3/2016,1.46597E+11,2538412294
3/13/2016,1.46597E+11,2538412294
3/14/2016,1.00359E+11,5038319620
3/15/2016,1.46597E+11,4365803260
3/16/2016,1.46597E+11,3708833100
3/17/2016,1.46597E+11,3012082920
3/18/2016,1.46597E+11,3267333300
3/19/2016,1.46597E+11,2538412294
3/20/2016,1.46597E+11,2538412294
3/21/2016,1.61494E+11,4516323840
3/22/2016,1.46597E+11,3959831250
3/23/2016,79174724568,2929084850
3/24/2016,50589445010,3185918610
3/25/2016,1.46597E+11,2538412294
3/26/2016,1.46597E+11,2538412294
3/27/2016,1.46597E+11,2538412294
3/28/2016,2.81071E+11,4411291600
3/29/2016,2.56143E+11,4396258000
3/30/2016,1.46597E+11,3370094000
3/31/2016,89560228028,5121138855
1/4/2016,1.46597E+11,1887140140
2/4/2016,1.46597E+11,2538412294
3/4/2016,1.46597E+11,2538412294
4/4/2016,1.46597E+11,3688390880
5/4/2016,2.07862E+11,4150584680
6/4/2016,1.46597E+11,3540775425
7/4/2016,422003,3208051650
8/4/2016,17771543787,3464181960
9/4/2016,1.46597E+11,2538412294
10/4/2016,1.46597E+11,2538412294
11/4/2016,7505274,4487201030
12/4/2016,1.82696E+11,4253089525
4/13/2016,1.46597E+11,3623516160
4/14/2016,758351,3380503470
4/15/2016,2.31527E+11,3278940340
4/16/2016,1.46597E+11,2538412294
4/17/2016,1.46597E+11,2538412294
4/18/2016,2.74802E+11,4033530495
4/19/2016,1.46597E+11,4203046220
4/20/2016,1.46597E+11,3127860810
4/21/2016,1.46597E+11,3053225280
4/22/2016,71181720446,2824463810
4/23/2016,1.46597E+11,2538412294
4/24/2016,1.46597E+11,2538412294
4/25/2016,33847687613,3959532720
4/26/2016,1.46597E+11,3490938015
4/27/2016,1.04137E+11,3057816435
4/28/2016,189559947,3346907000
4/29/2016,1.65799E+11,4020251900
4/30/2016,1.46597E+11,2538412294
1/5/2016,1.46597E+11,2538412294
2/5/2016,2.60309E+11,4387155630
3/5/2016,6.6702E+11,3761593560
4/5/2016,3.28126E+11,3689188710
5/5/2016,1.46597E+11,2538412294
6/5/2016,1.46597E+11,2538412294
7/5/2016,1.46597E+11,2538412294
8/5/2016,1.46597E+11,2538412294
9/5/2016,69773513368,5097894690
10/5/2016,1.09153E+11,4922533200
11/5/2016,1.46597E+11,3788747450
12/5/2016,1.32767E+11,3144388390
5/13/2016,1.5756E+11,3038730290
5/14/2016,1.46597E+11,2538412294
5/15/2016,1.46597E+11,2538412294
5/16/2016,24898154713,4771513890
5/17/2016,1.46597E+11,2234170260
5/18/2016,1.46597E+11,5286636760
5/19/2016,1.14445E+11,3545761450
5/20/2016,21408603162,3792754320
5/21/2016,1.46597E+11,2538412294
5/22/2016,1.46597E+11,2538412294
5/23/2016,67244536053,4628900760
5/24/2016,1.46597E+11,4373696880
5/25/2016,97808129541,3558877350
5/26/2016,1.46597E+11,3235335735
5/27/2016,1.91717E+11,3503410440
5/28/2016,1.46597E+11,2538412294
5/29/2016,1.46597E+11,2538412294
5/30/2016,1.46597E+11,3773773535
5/31/2016,9.55319E+11,7033853430
1/6/2016,38108509229,1835068035
2/6/2016,1.62228E+11,2591796555
3/6/2016,1.46597E+11,3085726675
4/6/2016,1.46597E+11,2538412294
5/6/2016,1.46597E+11,2538412294
6/6/2016,23759247314,5225760815
7/6/2016,2.22194E+11,3641830530
8/6/2016,1.24821E+11,4069124025
9/6/2016,72513417231,2733869320
10/6/2016,19226561833,3131243500
11/6/2016,1.46597E+11,2538412294
12/6/2016,1.46597E+11,2538412294
6/13/2016,2736176,4435565200
6/14/2016,6.86664E+11,4025765520
6/15/2016,1.39566E+11,3054723860
6/16/2016,18318866746,2769807760
6/17/2016,1.46597E+11,3190412000
6/18/2016,1.46597E+11,2538412294
6/19/2016,1.46597E+11,2538412294
6/20/2016,1.46597E+11,3984816745
6/21/2016,2.13291E+11,3818832350
6/22/2016,1.46597E+11,3282446160
6/23/2016,1.70449E+11,3218374650
6/24/2016,2.51732E+11,3230834100
6/25/2016,1.46597E+11,2538412294
6/26/2016,1.46597E+11,2538412294
6/27/2016,1.46597E+11,2806386800
6/28/2016,49862690741,6137870200
6/29/2016,1.04623E+11,4363966640
6/30/2016,17752749597,5511545760
1/7/2016,2.45841E+12,2034873970
2/7/2016,1.46597E+11,2538412294
3/7/2016,1.46597E+11,2538412294
4/7/2016,1.46597E+11,2538412294
5/7/2016,1.46597E+11,2538412294
6/7/2016,1.46597E+11,2538412294
7/7/2016,1.46597E+11,2538412294
8/7/2016,1.46597E+11,2538412294
9/7/2016,1.46597E+11,2538412294
10/7/2016,1.46597E+11,2538412294
11/7/2016,1.97239E+11,4678802950
12/7/2016,1.46597E+11,5219183340
7/13/2016,1.46597E+11,5773453335
7/14/2016,2.3651E+11,4756113000
7/15/2016,75702779525,4661812545
7/16/2016,1.46597E+11,2538412294
7/17/2016,1.46597E+11,2538412294
7/18/2016,50238941324,5315679425
7/19/2016,2.93523E+11,5087200360
7/20/2016,1.46597E+11,4044994770
7/21/2016,33549949156,3306127890
7/22/2016,1.46597E+11,3729473460
7/23/2016,1.46597E+11,2538412294
7/24/2016,1.46597E+11,2538412294
7/25/2016,1.46597E+11,4604011295
7/26/2016,2.56742E+11,4328699575
7/27/2016,99254144522,3359440125
7/28/2016,4031339880,3493759500
7/29/2016,8.10278E+11,5082569730
7/30/2016,1.46597E+11,2538412294
7/31/2016,1.46597E+11,4026150
1/8/2016,7.93804E+11,1614069900
2/8/2016,1.46597E+11,5523507600
3/8/2016,2.34071E+11,4048011180
4/8/2016,1.78544E+11,3750201895
5/8/2016,8.28352E+11,3625683120
6/8/2016,1.46597E+11,2538412294
7/8/2016,1.46597E+11,2538412294
8/8/2016,92747834890,4686557400
9/8/2016,1.46597E+11,4668889400
10/8/2016,2.39573E+11,3717940095
11/8/2016,51450,3685954860
12/8/2016,5.56342E+11,3137124580
8/13/2016,1.46597E+11,2538412294
8/14/2016,1.46597E+11,2538412294
8/15/2016,2.74398E+11,3889399110
8/16/2016,32568347354,4252206255
8/17/2016,1.46597E+11,2538412294
8/18/2016,244590,2978019520
8/19/2016,3.01069E+11,3245384775
8/20/2016,1.46597E+11,2538412294
8/21/2016,1.46597E+11,2538412294
8/22/2016,1.4399E+11,3667186250
8/23/2016,2.33998E+11,3809734425
8/24/2016,1.46597E+11,3210175780
8/25/2016,86825086772,3078455040
8/26/2016,44991749013,2754390320
8/27/2016,1.46597E+11,2538412294
8/28/2016,1.46597E+11,2538412294
8/29/2016,6.95274E+11,4266692980
8/30/2016,1.46597E+11,3508143750
8/31/2016,8.07447E+11,4616691300
1/9/2016,4.02553E+11,1594937960
2/9/2016,1.23535E+11,2494429180
3/9/2016,1.46597E+11,2538412294
4/9/2016,1.46597E+11,2538412294
5/9/2016,60525588911,3774632655
6/9/2016,42224765653,3819480450
7/9/2016,1.46597E+11,3266614520
8/9/2016,2.36528E+11,2443233465
9/9/2016,2.99879E+11,3300884640
10/9/2016,1.46597E+11,2538412294
11/9/2016,1.46597E+11,2538412294
12/9/2016,1.46597E+11,2538412294
9/13/2016,77090083704,4596308000
9/14/2016,92724920587,3897276025
9/15/2016,11139846283,3190537680
9/16/2016,66173180984,2821217100
9/17/2016,1.46597E+11,2538412294
9/18/2016,1.46597E+11,2538412294
9/19/2016,2.37558E+11,3149179095
9/20/2016,2.37723E+11,2703214800
9/21/2016,1.46597E+11,2271300255
9/22/2016,83078545215,2415281015
9/23/2016,1.81602E+11,2458135800
9/24/2016,1.46597E+11,2538412294
9/25/2016,1.46597E+11,2538412294
9/26/2016,4.41224E+11,3386151450
9/27/2016,1.46597E+11,3626724230
9/28/2016,2.46938E+11,3112993520
9/29/2016,74344868171,2904972240
9/30/2016,1.21183E+12,3825619700
1/10/2016,1.46597E+11,2538412294
2/10/2016,1.46597E+11,2538412294
3/10/2016,1.46597E+11,2622640955
4/10/2016,3.45681E+11,3203727040
5/10/2016,1.46597E+11,3407323465
6/10/2016,1.46597E+11,2645542270
7/10/2016,5.73251E+11,3007507320
8/10/2016,1.46597E+11,2538412294
9/10/2016,1.46597E+11,2538412294
10/10/2016,1.06445E+11,3587792250
11/10/2016,80319730325,3439476040
12/10/2016,1.46597E+11,3068988585
10/13/2016,1.46597E+11,2512643175
10/14/2016,1.46597E+11,1993210570
10/15/2016,1.46597E+11,2538412294
10/16/2016,1.46597E+11,2538412294
10/17/2016,2.94512E+11,2375852340
10/18/2016,8602489596,2073999060
10/19/2016,1.46597E+11,1512622650
10/20/2016,3.41019E+11,1383317010
10/21/2016,1.09548E+11,1433744940
10/22/2016,1.46597E+11,2538412294
10/23/2016,1.46597E+11,2538412294
10/24/2016,1.31576E+11,1963530800
10/25/2016,5.48916E+11,1827099755
10/26/2016,39371520087,1388436895
10/27/2016,58664262560,1682721460
10/28/2016,73250452551,1508222240
10/29/2016,1.46597E+11,2538412294
10/30/2016,1.46597E+11,2538412294
10/31/2016,1.46597E+11,3261391545
1/11/2016,1.37165E+12,1238676880
2/11/2016,1.46597E+11,1594936320
3/11/2016,1.95757E+11,1719797040
4/11/2016,4.75727E+11,1869384300
5/11/2016,1.46597E+11,2538412294
6/11/2016,1.46597E+11,2538412294
7/11/2016,2.46412E+11,2196316640
8/11/2016,1.10491E+11,2649141840
9/11/2016,82455530060,2238982205
10/11/2016,3.90665E+11,1771059780
11/11/2016,40060219811,2002739400
12/11/2016,1.46597E+11,2538412294
11/13/2016,1.46597E+11,2538412294
11/14/2016,3.58632E+11,2993257490
11/15/2016,81772981071,2647602300
11/16/2016,1.46597E+11,2229368000
11/17/2016,1.46597E+11,2113819015
11/18/2016,6.73199E+11,2113574980
11/19/2016,1.46597E+11,2538412294
11/20/2016,1.46597E+11,2538412294
11/21/2016,4.31057E+11,3282701225
11/22/2016,1.32088E+11,2852916880
11/23/2016,1.46597E+11,2921405125
11/24/2016,69870074037,2511214230
11/25/2016,4.32724E+11,2306476535
11/26/2016,1.46597E+11,2538412294
11/27/2016,1.46597E+11,2538412294
11/28/2016,4.74412E+11,3179944110
11/29/2016,6.01928E+11,3653243655
11/30/2016,9198391636,4487582000
1/12/2016,1.65551E+11,1390822940
2/12/2016,1.78139E+12,1941605490
3/12/2016,1.46597E+11,2538412294
4/12/2016,1.46597E+11,2538412294
5/12/2016,183249909,2827214280
6/12/2016,4.64107E+11,3660441675
7/12/2016,1.46597E+11,3235653540
8/12/2016,84576840589,2622481700
9/12/2016,8.28179E+11,2519402500
10/12/2016,1.46597E+11,2538412294
11/12/2016,1.46597E+11,2538412294
12/12/2016,1.46597E+11,2538412294
12/13/2016,51395370242,3916804200
12/14/2016,1.27016E+11,3700975520
12/15/2016,74620,2930224450
12/16/2016,4.08244E+11,2855118635
12/17/2016,1.46597E+11,2538412294
12/18/2016,1.46597E+11,2538412294
12/19/2016,2.18758E+11,3509409560
12/20/2016,21640858505,3644297230
12/21/2016,1.46597E+11,3199919250
12/22/2016,1.46597E+11,3063045765
12/23/2016,7.81511E+11,2783401060
12/24/2016,1.46597E+11,2538412294
12/25/2016,1.46597E+11,2538412294
12/26/2016,1.46597E+11,2538412294
12/27/2016,5.79673E+11,3794449215
12/28/2016,86169985334,4197324047
12/29/2016,1.80919E+11,4306937070
12/30/2016,1.46597E+11,2610155800
12/31/2016,1.3081E+12,4887403200
1/1/2017,1.46597E+11,2538412294
2/1/2017,1.46597E+11,2538412294
3/1/2017,1.46597E+11,214530860
4/1/2017,1.46597E+11,3191617520
5/1/2017,1.46597E+11,3276071865
6/1/2017,1.46597E+11,4749598980
7/1/2017,1.46597E+11,2538412294
8/1/2017,1.46597E+11,2538412294
9/1/2017,1.46597E+11,4113654765
10/1/2017,1.46597E+11,4139470090
11/1/2017,1.46597E+11,3112440000
12/1/2017,1.46597E+11,2856715400
1/13/2017,1.46597E+11,3006202810
1/14/2017,1.46597E+11,2538412294
1/15/2017,1.46597E+11,2538412294
1/16/2017,1.46597E+11,3456750180
1/17/2017,2.509E+11,3846477420
1/18/2017,2.73983E+11,2815780390
1/19/2017,1.38286E+11,2559843300
1/20/2017,1.46597E+11,2454149880
1/21/2017,1.46597E+11,2538412294
1/22/2017,1.46597E+11,2538412294
1/23/2017,2.82694E+11,3586070070
1/24/2017,1.46597E+11,3757277680
1/25/2017,1.76044E+11,2539158750
1/26/2017,14451516488,2489470725
1/27/2017,1.01477E+11,2856291740
1/28/2017,1.46597E+11,2538412294
1/29/2017,1.46597E+11,2538412294
1/30/2017,6.34908E+11,2487803290
1/31/2017,3.46315E+11,5528130510
1/2/2017,1.66601E+12,1896144910
2/2/2017,3.23611E+11,2295719800
3/2/2017,99502974629,2648305200
4/2/2017,1.46597E+11,2538412294
5/2/2017,1.46597E+11,2538412294
6/2/2017,1.77811E+11,3528783500
7/2/2017,153342,4006648800
8/2/2017,5.21664E+11,2833841340
9/2/2017,82755299119,3249273950
10/2/2017,37051639224,2916868500
11/2/2017,1.46597E+11,2538412294
12/2/2017,1.46597E+11,2538412294
2/13/2017,1.46597E+11,4241512270
2/14/2017,6.24115E+11,3674546940
2/15/2017,1.46597E+11,2538412294
2/16/2017,2161941283,2822253520
2/17/2017,6.98747E+11,2978393320
2/18/2017,1.46597E+11,2538412294
2/19/2017,1.46597E+11,2538412294
2/20/2017,1.46597E+11,3577408005
2/21/2017,1.65537E+11,3606466560
2/22/2017,1.09833E+11,2797919460
2/23/2017,1.30986E+11,2393319950
2/24/2017,2.44697E+11,2274636000
2/25/2017,1.46597E+11,2538412294
2/26/2017,1.46597E+11,2538412294
2/27/2017,6.41448E+11,3933608835
2/28/2017,27573801,5854392705
1/3/2017,49398920784,1773509430
2/3/2017,1.41397E+11,2594333475
3/3/2017,1.54012E+12,3152088665
4/3/2017,1.46597E+11,2538412294
5/3/2017,1.46597E+11,2538412294
6/3/2017,8.50105E+11,4546382985
7/3/2017,1.54158E+11,4516398600
8/3/2017,1.46597E+11,3750293785
9/3/2017,1.10231E+11,3536593760
10/3/2017,91547681714,3382444170
11/3/2017,1.46597E+11,2538412294
12/3/2017,1.46597E+11,2538412294
3/13/2017,1.46597E+11,4113519750
3/14/2017,6.97898E+11,4305266250
3/15/2017,4.14058E+11,3870866540
3/16/2017,3.39517E+11,2739230100
3/17/2017,1.46597E+11,2829261000
3/18/2017,1.46597E+11,2538412294
3/19/2017,1.46597E+11,2538412294
3/20/2017,53694737482,3752324900
3/21/2017,1.46597E+11,4236403310
3/22/2017,2.80694E+11,3073164320
3/23/2017,3.52826E+11,2768455150
3/24/2017,2.40965E+11,2376463040
3/25/2017,1.46597E+11,2538412294
3/26/2017,1.46597E+11,2538412294
3/27/2017,615182035,3437410830
3/28/2017,1.46597E+11,2538412294
3/29/2017,1.43476E+12,4484446785
3/30/2017,2752976298,3659041380
3/31/2017,4.18642E+11,4868001600
1/4/2017,1.46597E+11,2538412294
2/4/2017,1.46597E+11,2538412294
3/4/2017,4.90265E+11,2955716380
4/4/2017,1.93985E+11,3539230140
5/4/2017,1.47134E+11,3408761280
6/4/2017,3.46501E+11,2914461015
7/4/2017,65572024135,2910564900
8/4/2017,1.46597E+11,2538412294
9/4/2017,1.46597E+11,2538412294
10/4/2017,2.96372E+11,3727261600
11/4/2017,1.04972E+11,4378440680
12/4/2017,4.17919E+11,3718101475
4/13/2017,6.50561E+11,3368104995
4/14/2017,1.46597E+11,2538412294
4/15/2017,1.46597E+11,2538412294
4/16/2017,1.46597E+11,2538412294
4/17/2017,1.23217E+11,4548731125
4/18/2017,1.98257E+11,4817788235
4/19/2017,1.46597E+11,3067519005
4/20/2017,2.0582E+11,3264163260
4/21/2017,1.46597E+11,2856616380
4/22/2017,1.46597E+11,2538412294
4/23/2017,1.46597E+11,2538412294
4/24/2017,1.46597E+11,2538412294
4/25/2017,1.86408E+11,3864185960
4/26/2017,1.46597E+11,4356592305
4/27/2017,43823897672,3777729120
4/28/2017,1.26103E+11,4280983625
4/29/2017,1.46597E+11,2538412294
4/30/2017,1.46597E+11,2538412294
1/5/2017,1.46597E+11,2538412294
2/5/2017,1.94031E+12,4044965540
3/5/2017,62976732395,3450366800
4/5/2017,4.5696E+11,3936081600
5/5/2017,1.68204E+11,3817111540
6/5/2017,1.46597E+11,2538412294
7/5/2017,1.46597E+11,2538412294
8/5/2017,1.46597E+11,4646608200
9/5/2017,2.86303E+11,4884690000
10/5/2017,98877590314,3766838060
11/5/2017,1.46597E+11,2538412294
12/5/2017,1.60465E+11,3646938075
5/13/2017,1.46597E+11,2538412294
5/14/2017,1.46597E+11,2538412294
5/15/2017,6.17019E+11,5468972320
5/16/2017,2.78474E+11,5912768880
5/17/2017,1.46597E+11,3880268140
5/18/2017,6602573680,3705866400
5/19/2017,1.46597E+11,3033550075
5/20/2017,1.46597E+11,2538412294
5/21/2017,1.46597E+11,2538412294
5/22/2017,3.44843E+11,4408639930
5/23/2017,3.88587E+11,4336025925
5/24/2017,4.40571E+11,4849520280
5/25/2017,1.46597E+11,2538412294
5/26/2017,6.8259E+11,3432096030
5/27/2017,1.46597E+11,2538412294
5/28/2017,1.46597E+11,2538412294
5/29/2017,1.46597E+11,7095858900
5/30/2017,4.56716E+11,5120493720
5/31/2017,2.18257E+12,5744971120
1/6/2017,1.46597E+11,2538412294
2/6/2017,43726506121,1826324080
3/6/2017,1.46597E+11,2538412294
4/6/2017,1.46597E+11,2538412294
5/6/2017,1.9821E+11,4678445520
6/6/2017,1.46597E+11,4716774890
7/6/2017,251840,4526141100
8/6/2017,1.33692E+11,3652707590
9/6/2017,7.77002E+11,3187544325
10/6/2017,1.46597E+11,2538412294
11/6/2017,1.46597E+11,2538412294
12/6/2017,2.75981E+11,4799765275
6/13/2017,1.46597E+11,5115288640
6/14/2017,2.11946E+11,4296045720
6/15/2017,1.46597E+11,3556836475
6/16/2017,1.46597E+11,3370074200
6/17/2017,1.46597E+11,2538412294
6/18/2017,1.46597E+11,2538412294
6/19/2017,8.04734E+11,4502184960
6/20/2017,4.54701E+11,5448777460
6/21/2017,1.52491E+11,4792724875
6/22/2017,3.8081E+11,5373264930
6/23/2017,1.46597E+11,2538412294
6/24/2017,1.46597E+11,2538412294
6/25/2017,1.46597E+11,2538412294
6/26/2017,1.46597E+11,2538412294
6/27/2017,1.46597E+11,2538412294
6/28/2017,1.46597E+11,2538412294
6/29/2017,1.46597E+11,2538412294
6/30/2017,1.46597E+11,2538412294
1/7/2017,1.46597E+11,2538412294
2/7/2017,1.46597E+11,2538412294
3/7/2017,2.33052E+12,3558259200
4/7/2017,2.73362E+11,3687428945
5/7/2017,3.2195E+11,6890227580
6/7/2017,3.35631E+11,4835196160
7/7/2017,1.46597E+11,5214818975
8/7/2017,1.46597E+11,2538412294
9/7/2017,1.46597E+11,2538412294
10/7/2017,4.61164E+11,5998707130
11/7/2017,1.84577E+11,5720074660
12/7/2017,1.93621E+11,4535107955
7/13/2017,2.41654E+11,4866174355
7/14/2017,1.45291E+11,3795253020
7/15/2017,1.46597E+11,2538412294
7/16/2017,1.46597E+11,2538412294
7/17/2017,87895379905,4854117510
7/18/2017,82489517598,4456071900
7/19/2017,1.86692E+11,6229376515
7/20/2017,1664526975,3172031200
7/21/2017,1.46597E+11,3369255600
7/22/2017,1.46597E+11,2538412294
7/23/2017,1.46597E+11,2538412294
7/24/2017,2.44606E+11,4391903250
7/25/2017,4.50219E+11,4838725075
7/26/2017,1.19907E+11,4372022160
7/27/2017,92362771187,3124843480
7/28/2017,30525192818,4134478400
7/29/2017,1.46597E+11,2538412294
7/30/2017,1.46597E+11,2538412294
7/31/2017,7.35013E+11,6420861780
1/8/2017,4.69835E+11,3104052240
2/8/2017,1.46597E+11,3129236240
3/8/2017,688445,3492423780
4/8/2017,3.08388E+11,3022271560
5/8/2017,1.46597E+11,2538412294
6/8/2017,1.46597E+11,2538412294
7/8/2017,3.24033E+11,5052553200
8/8/2017,1.46597E+11,4556761565
9/8/2017,1.49277E+11,3913337185
10/8/2017,1763281327,3911060985
11/8/2017,1.46597E+11,3446148060
12/8/2017,1.46597E+11,2538412294
8/13/2017,1.46597E+11,2538412294
8/14/2017,1.58679E+11,4486189775
8/15/2017,4.2614E+11,4425248700
8/16/2017,1.46597E+11,4141925550
8/17/2017,1.46597E+11,2538412294
8/18/2017,2.39224E+11,3785836110
8/19/2017,1.46597E+11,2538412294
8/20/2017,1.46597E+11,2538412294
8/21/2017,1.46597E+11,4653850980
8/22/2017,1.00248E+12,4250535825
8/23/2017,3.27737E+11,3397861200
8/24/2017,1.05174E+11,2678660690
8/25/2017,1.46597E+11,3182923890
8/26/2017,1.46597E+11,2538412294
8/27/2017,1.46597E+11,2538412294
8/28/2017,6.66497E+11,3893364240
8/29/2017,1.46597E+11,4499119960
8/30/2017,1.45873E+11,3472443480
8/31/2017,3.05915E+11,5335544300
1/9/2017,1.46597E+11,2538412294
2/9/2017,1.46597E+11,2538412294
3/9/2017,1.46597E+11,2538412294
4/9/2017,1.59085E+12,2348711640
5/9/2017,1.41015E+11,3555017380
6/9/2017,1.46597E+11,3398017920
7/9/2017,3.6303E+11,3460526910
8/9/2017,1789736874,3311156300
9/9/2017,1.46597E+11,2538412294
10/9/2017,1.46597E+11,2538412294
11/9/2017,3.52378E+11,4069186240
12/9/2017,4.03516E+11,4735486125
9/13/2017,32496773427,3281331240
9/14/2017,2.84758E+11,2928167010
9/15/2017,2.32598E+11,2860396895
9/16/2017,1.46597E+11,2538412294
9/17/2017,1.46597E+11,2538412294
9/18/2017,1.46597E+11,3921039010
9/19/2017,6.58359E+11,3901723330
9/20/2017,1.02842E+11,2988507900
9/21/2017,1.46597E+11,2538412294
9/22/2017,2.56855E+11,2842242810
9/23/2017,1.46597E+11,2538412294
9/24/2017,1.46597E+11,2538412294
9/25/2017,1.42546E+11,3557864380
9/26/2017,4.88022E+11,4155872170
9/27/2017,1.46597E+11,2824683395
9/28/2017,1.46597E+11,3234959000
9/29/2017,6389503986,3983994940
9/30/2017,1.46597E+11,2538412294
1/10/2017,1.46597E+11,2538412294
2/10/2017,6.03902E+11,3246039520
3/10/2017,1.73506E+12,3266472620
4/10/2017,32581223037,3054006395
5/10/2017,35010237366,2761155120
6/10/2017,1.67398E+11,3299494920
7/10/2017,1.46597E+11,2538412294
8/10/2017,1.46597E+11,2538412294
9/10/2017,1.515E+11,4066029825
10/10/2017,1.46597E+11,4664443440
11/10/2017,3.7862E+11,3664153840
12/10/2017,1.46597E+11,3045776440
10/13/2017,1.79719E+11,3379891250
10/14/2017,1.46597E+11,2538412294
10/15/2017,1.46597E+11,2538412294
10/16/2017,3.90407E+11,4198290250
10/17/2017,1.55767E+11,4166675125
10/18/2017,1.46597E+11,2996890050
10/19/2017,3.14756E+11,3133106900
10/20/2017,3.76149E+11,3061278495
10/21/2017,1.46597E+11,2538412294
10/22/2017,1.46597E+11,2538412294
10/23/2017,1.46597E+11,4040796410
10/24/2017,3.06408E+11,3883104550
10/25/2017,2.00456E+11,3211073055
10/26/2017,1.46597E+11,3082232040
10/27/2017,3.3614E+11,2806751255
10/28/2017,1.46597E+11,2538412294
10/29/2017,1.46597E+11,2538412294
10/30/2017,1.17566E+12,4825088580
10/31/2017,1.46597E+11,6584897015
1/11/2017,96806359253,1949304320
2/11/2017,2.64223E+11,2520886390
3/11/2017,182390,3368356000
4/11/2017,1.46597E+11,2538412294
5/11/2017,1.46597E+11,2538412294
6/11/2017,1.58602E+11,5173953800
7/11/2017,5.98695E+11,5912465600
8/11/2017,1.46597E+11,5117870010
9/11/2017,16604582321,4826182985
10/11/2017,1.11639E+11,4414799435
11/11/2017,1.46597E+11,2538412294
12/11/2017,1.46597E+11,2538412294
11/13/2017,4.36055E+11,5866171440
11/14/2017,2.46087E+11,5839553600
11/15/2017,1.09101E+11,4906155090
11/16/2017,1.46597E+11,3778117980
11/17/2017,89708046404,3772057500
11/18/2017,1.46597E+11,2538412294
11/19/2017,1.46597E+11,2538412294
11/20/2017,6.63442E+11,5037621210
11/21/2017,1.68771E+11,4015986000
11/22/2017,70991592935,3896880400
11/23/2017,2.85274E+11,3669377160
11/24/2017,3.65377E+11,3063383400
11/25/2017,1.46597E+11,2538412294
11/26/2017,1.46597E+11,2538412294
11/27/2017,3.3705E+11,4532963375
11/28/2017,1.18064E+11,4597490240
11/29/2017,1.46597E+11,3652915110
11/30/2017,79381152986,5906549790
1/12/2017,1.46597E+11,2538412294
2/12/2017,1.46597E+11,2538412294
3/12/2017,1.46597E+11,2538412294
4/12/2017,1.86957E+12,2619823590
5/12/2017,1.46597E+11,4595836850
6/12/2017,3375301045,3958417345
7/12/2017,47460724983,3676377600
8/12/2017,5.23787E+11,3132368120
9/12/2017,1.46597E+11,2538412294
10/12/2017,1.46597E+11,2538412294
11/12/2017,147954,4787289675
12/12/2017,2082519225,5058078720
12/13/2017,1.46597E+11,3845567235
12/14/2017,1.15066E+11,3444491540
12/15/2017,1.35536E+11,2887279350
12/16/2017,1.46597E+11,2538412294
12/17/2017,1.46597E+11,2538412294
12/18/2017,1.46597E+11,2687241340
12/19/2017,1.19156E+12,6801438750
12/20/2017,3.05564E+11,4108678200
12/21/2017,2.16486E+11,3922325365
12/22/2017,1.46597E+11,3061815900
12/23/2017,1.46597E+11,2538412294
12/24/2017,1.46597E+11,2538412294
12/25/2017,1.46597E+11,2538412294
12/26/2017,1.46597E+11,2538412294
12/27/2017,1.1028E+12,5554689140
12/28/2017,1.46597E+11,5842134540
12/29/2017,1.46597E+11,7018899030
12/30/2017,2.15449E+12,4755908650
12/31/2017,1.46597E+11,210200340
1/1/2018,1.46597E+11,2538412294
2/1/2018,1.46597E+11,97063280
3/1/2018,1687807215,3071302920
4/1/2018,1.46597E+11,4401335000
5/1/2018,1.46597E+11,4262676700
6/1/2018,1.46597E+11,2538412294
7/1/2018,1.46597E+11,2538412294
8/1/2018,1.61997E+11,6164908625
9/1/2018,1.23641E+11,5724495800
10/1/2018,1.46597E+11,4239087650
11/1/2018,4.37404E+11,3513237000
12/1/2018,1.46597E+11,3884103650
1/13/2018,1.46597E+11,2538412294
1/14/2018,1.46597E+11,2538412294
1/15/2018,2.13139E+11,4721471775
1/16/2018,9.15114E+11,4613639490
1/17/2018,3.25236E+11,3745691950
1/18/2018,71934910569,3247651465
1/19/2018,7.67519E+11,2818802610
1/20/2018,1.46597E+11,2538412294
1/21/2018,1.46597E+11,2538412294
1/22/2018,1.46597E+11,4754790180
1/23/2018,93760296659,3868589780
1/24/2018,4.10653E+11,3799894140
1/25/2018,1.46597E+11,3125500235
1/26/2018,3.17102E+11,2732990280
1/27/2018,1.46597E+11,2538412294
1/28/2018,1.46597E+11,2538412294
1/29/2018,7.66926E+11,3894754440
1/30/2018,76817846864,5040745480
1/31/2018,9.99851E+11,5814056660
1/2/2018,1.61474E+12,1716774595
2/2/2018,4.48881E+11,2377254180
3/2/2018,1.46597E+11,2538412294
4/2/2018,1.46597E+11,2538412294
5/2/2018,1.46597E+11,3828191790
6/2/2018,5.26509E+11,4637334695
7/2/2018,1.46597E+11,4071387100
8/2/2018,3.22104E+11,3622160080
9/2/2018,1351667,3073848800
10/2/2018,1.46597E+11,2538412294
11/2/2018,1.46597E+11,2538412294
12/2/2018,1642977579,4259737620
2/13/2018,3.2678E+11,4469457855
2/14/2018,1.91077E+11,3509891810
2/15/2018,3.86757E+11,2378833380
2/16/2018,1.46597E+11,2538412294
2/17/2018,1.46597E+11,2538412294
2/18/2018,1.46597E+11,2538412294
2/19/2018,8.49249E+11,4968883800
2/20/2018,3.27781E+11,4063222800
2/21/2018,70086004641,3129564195
2/22/2018,4.61229E+11,2930766150
2/23/2018,1.33009E+11,2732289000
2/24/2018,1.46597E+11,2538412294
2/25/2018,1.46597E+11,2538412294
2/26/2018,1.25648E+11,3924203220
2/27/2018,7.99291E+11,4632845430
2/28/2018,52155574301,5642117195
1/3/2018,1.46597E+11,1652527240
2/3/2018,1.46597E+11,2593893720
3/3/2018,1.46597E+11,2538412294
4/3/2018,1.46597E+11,2538412294
5/3/2018,2.89635E+12,4043763870
6/3/2018,6.27886E+11,4736123475
7/3/2018,1.46597E+11,4256544285
8/3/2018,57776914555,3620492190
9/3/2018,3.41658E+11,3092064945
10/3/2018,1.46597E+11,2538412294
11/3/2018,1.46597E+11,2538412294
12/3/2018,2.69537E+11,4823202280
3/13/2018,7.27127E+11,5008428020
3/14/2018,1.46597E+11,3704702875
3/15/2018,1.46597E+11,3205018200
3/16/2018,5.05149E+11,3108331880
3/17/2018,1.46597E+11,2538412294
3/18/2018,1.46597E+11,2538412294
3/19/2018,1.46597E+11,2759721300
3/20/2018,4.1733E+11,4014537760
3/21/2018,2586260988,3200208000
3/22/2018,1.46597E+11,3112259640
3/23/2018,1.14263E+11,2922318530
3/24/2018,1.46597E+11,2538412294
3/25/2018,1.46597E+11,2538412294
3/26/2018,5.60452E+11,4085825835
3/27/2018,65706843138,4950412000
3/28/2018,6.50029E+11,3557860455
3/29/2018,1.61431E+12,4846109875
3/30/2018,1.46597E+11,2538412294
3/31/2018,1.46597E+11,2538412294
1/4/2018,1.46597E+11,2538412294
2/4/2018,9.31552E+11,4135772450
3/4/2018,51971447514,3979474720
4/4/2018,1.35528E+11,4081154840
5/4/2018,4.18286E+11,3337704825
6/4/2018,6.67868E+11,2694877640
7/4/2018,1.46597E+11,2538412294
8/4/2018,1.46597E+11,2538412294
9/4/2018,54657633568,5220875940
10/4/2018,1.46597E+11,4956499770
11/4/2018,6.90004E+11,4393960270
12/4/2018,1.19999E+11,3189088560
4/13/2018,3.29959E+11,3972007910
4/14/2018,1.46597E+11,2538412294
4/15/2018,1.46597E+11,2538412294
4/16/2018,3869216,2621536000
4/17/2018,1.6406E+11,2893077300
4/18/2018,1.46597E+11,3269577150
4/19/2018,1.70431E+11,2884950900
4/20/2018,4.84468E+11,2786477400
4/21/2018,1.46597E+11,2538412294
4/22/2018,1.46597E+11,2538412294
4/23/2018,1.46597E+11,3888345100
4/24/2018,1.46597E+11,4524295680
4/25/2018,4.59126E+11,3751601190
4/26/2018,2627754281,3140085465
4/27/2018,5.87384E+11,3774365420
4/28/2018,1.46597E+11,2538412294
4/29/2018,1.46597E+11,2538412294
4/30/2018,1.26915E+12,7373708950
1/5/2018,1.46597E+11,2538412294
2/5/2018,2.37097E+12,3247165440
3/5/2018,4.12252E+11,3537994140
4/5/2018,1.46597E+11,4495687550
5/5/2018,1.46597E+11,2538412294
6/5/2018,1.46597E+11,2538412294
7/5/2018,1.17256E+12,4889386975
8/5/2018,1.46597E+11,5459791390
9/5/2018,1.32879E+11,4220223480
10/5/2018,1.46597E+11,2538412294
11/5/2018,2.87011E+11,4454233740
12/5/2018,1.46597E+11,2538412294
5/13/2018,1.46597E+11,2538412294
5/14/2018,1.02105E+11,5963025300
5/15/2018,8.12456E+11,5454100575
5/16/2018,6.59326E+11,4471403805
5/17/2018,1.46597E+11,3434914175
5/18/2018,2.70864E+11,3830896225
5/19/2018,1.46597E+11,2538412294
5/20/2018,1.46597E+11,2538412294
5/21/2018,1.46597E+11,4418717190
5/22/2018,6.26885E+11,4676231325
5/23/2018,79773749149,2985721570
5/24/2018,1.46597E+11,2692689120
5/25/2018,9.39314E+11,3018595540
5/26/2018,1.46597E+11,2538412294
5/27/2018,1.46597E+11,2538412294
5/28/2018,3.06942E+11,4151785680
5/29/2018,1.46597E+11,2538412294
5/30/2018,1.52133E+12,4477972170
5/31/2018,1.94172E+12,6610063060
1/6/2018,1.46597E+11,2538412294
2/6/2018,1.46597E+11,2538412294
3/6/2018,1.46597E+11,2538412294
4/6/2018,8.70598E+11,4458185220
5/6/2018,745402908,4597870660
6/6/2018,4.31306E+11,4965479000
7/6/2018,1.46597E+11,3983189875
8/6/2018,1.46597E+11,5406677640
9/6/2018,1.46597E+11,2538412294
10/6/2018,1.46597E+11,2538412294
11/6/2018,1.46597E+11,2538412294
12/6/2018,1.46597E+11,2538412294
6/13/2018,1.46597E+11,2538412294
6/14/2018,1.46597E+11,2538412294
6/15/2018,1.46597E+11,2538412294
6/16/2018,1.46597E+11,2538412294
6/17/2018,1.46597E+11,2538412294
6/18/2018,1.46597E+11,2538412294
6/19/2018,3.72052E+12,4830692100
6/20/2018,1.46597E+11,143616720
6/21/2018,1.46597E+11,3202827610
6/22/2018,1.01714E+11,5978600420
6/23/2018,1.46597E+11,2538412294
6/24/2018,1.46597E+11,2538412294
6/25/2018,3.71364E+11,7054894560
6/26/2018,4.26586E+11,5071762500
6/27/2018,1.29237E+11,2576457070
6/28/2018,1.46597E+11,3233647230
6/29/2018,1.46597E+11,7585799380
6/30/2018,1.46597E+11,2538412294
1/7/2018,1.46597E+11,2538412294
2/7/2018,4.67509E+11,5281633910
3/7/2018,3.40413E+12,4663320480
4/7/2018,1.46597E+11,4133363060
5/7/2018,1.25562E+11,4198180515
6/7/2018,7.72048E+11,4463357080
7/7/2018,1.46597E+11,2538412294
8/7/2018,1.46597E+11,2538412294
9/7/2018,1.46597E+11,5844220470
10/7/2018,1.54712E+11,4941555820
11/7/2018,2.87572E+11,4504940500
12/7/2018,7.73696E+11,4284742000
7/13/2018,1.46597E+11,4147088465
7/14/2018,1.46597E+11,2538412294
7/15/2018,1.46597E+11,2538412294
7/16/2018,7.4354E+11,4798096725
7/17/2018,3.86448E+11,6169824075
7/18/2018,3.50316E+11,3939354265
7/19/2018,2.92825E+11,3487794080
7/20/2018,5.40794E+11,3319594110
7/21/2018,1.46597E+11,2538412294
7/22/2018,1.46597E+11,2538412294
7/23/2018,8.43949E+11,3989645650
7/24/2018,1.46597E+11,4060026400
7/25/2018,1.46597E+11,3633753850
7/26/2018,4.93535E+11,3110082015
7/27/2018,3.07981E+11,3268579860
7/28/2018,1.46597E+11,2538412294
7/29/2018,1.46597E+11,2538412294
7/30/2018,3.9758E+11,4878844320
7/31/2018,1.91037E+12,6654576120
1/8/2018,5.48351E+11,1736196075
2/8/2018,1.46597E+11,2897861140
3/8/2018,1.0237E+12,3336389600
4/8/2018,1.46597E+11,2538412294
5/8/2018,1.46597E+11,2538412294
6/8/2018,6.8155E+11,4685882990
7/8/2018,2.21338E+11,4744594680
8/8/2018,5.34695E+11,4075086175
9/8/2018,1.47464E+11,3705149910
10/8/2018,34012583351,3535430130
11/8/2018,1.46597E+11,2538412294
12/8/2018,1.46597E+11,2538412294
8/13/2018,1.46597E+11,4604121645
8/14/2018,1.51426E+11,4458598040
8/15/2018,1.46597E+11,3390183960
8/16/2018,6.25493E+11,2918768580
8/17/2018,1.46597E+11,2538412294
8/18/2018,1.46597E+11,2538412294
8/19/2018,1.46597E+11,2538412294
8/20/2018,4.02381E+11,4097534670
8/21/2018,5.7449E+11,4482042840
8/22/2018,1.46597E+11,2538412294
8/23/2018,5.67441E+11,2878896930
8/24/2018,1.46597E+11,2421540975
8/25/2018,1.46597E+11,2538412294
8/26/2018,1.46597E+11,2538412294
8/27/2018,2.33145E+11,2990109960
8/28/2018,3.96549E+11,3345638250
8/29/2018,5.28231E+11,2795407630
8/30/2018,1.93718E+11,1691490960
8/31/2018,1.71994E+12,3293688040
1/9/2018,1.46597E+11,2538412294
2/9/2018,1.46597E+11,2538412294
3/9/2018,2.81879E+12,3354907650
4/9/2018,1.46597E+11,3028952640
5/9/2018,4.82157E+11,2842514535
6/9/2018,1.46597E+11,2526585545
7/9/2018,3.29268E+11,2682948390
8/9/2018,1.46597E+11,2538412294
9/9/2018,1.46597E+11,2538412294
10/9/2018,5.69118E+11,3126465230
11/9/2018,1.46597E+11,2538412294
12/9/2018,2.0454E+11,3485078650
9/13/2018,45200558092,3201582090
9/14/2018,3.40443E+11,2886041250
9/15/2018,1.46597E+11,2538412294
9/16/2018,1.46597E+11,2538412294
9/17/2018,1.46597E+11,3761862600
9/18/2018,1.27885E+12,3476858000
9/19/2018,1.46597E+11,2750436125
9/20/2018,2411760261,2395016250
9/21/2018,1.04884E+12,2389229700
9/22/2018,1.46597E+11,2538412294
9/23/2018,1.46597E+11,2538412294
9/24/2018,1.46597E+11,3172662700
9/25/2018,1.53203E+11,3507625070
9/26/2018,1.46597E+11,2902681125
9/27/2018,1.25884E+11,2948233030
9/28/2018,5.34289E+11,4571706215
9/29/2018,1.46597E+11,2538412294
9/30/2018,1.46597E+11,2538412294
1/10/2018,4.33995E+11,2877914105
2/10/2018,3.6355E+12,2698856000
3/10/2018,6.10734E+11,3004884750
4/10/2018,1.87479E+11,2889582510
5/10/2018,1.46597E+11,3446591325
6/10/2018,1.46597E+11,2538412294
7/10/2018,1.46597E+11,2538412294
8/10/2018,5.5274E+11,4005504180
9/10/2018,5.31669E+11,3847110855
10/10/2018,3.23548E+11,3182554340
11/10/2018,1.61991E+11,2977638350
12/10/2018,65100907977,3177647550
10/13/2018,1.46597E+11,2538412294
10/14/2018,1.46597E+11,2538412294
10/15/2018,1.46597E+11,3958149000
10/16/2018,9.04272E+11,3615190650
10/17/2018,5.05059E+11,3308222670
10/18/2018,1.46597E+11,2561924540
10/19/2018,6.15798E+11,3213216950
10/20/2018,1.46597E+11,2538412294
10/21/2018,1.46597E+11,2538412294
10/22/2018,1.0596E+11,3687959290
10/23/2018,2.66197E+11,3976716500
10/24/2018,1.46597E+11,2822650110
10/25/2018,2.81538E+11,2422995185
10/26/2018,1.46597E+11,2839340030
10/27/2018,1.46597E+11,2538412294
10/28/2018,1.46597E+11,2538412294
10/29/2018,6.81108E+11,3604577760
10/30/2018,6.10772E+11,4442142530
10/31/2018,3.29025E+12,5581290995
1/11/2018,1.46597E+11,1553969340
2/11/2018,3.78227E+11,2472471305
3/11/2018,1.46597E+11,2538412294
4/11/2018,1.46597E+11,2538412294
5/11/2018,1.46597E+11,4527138210
6/11/2018,804664790,4720459100
7/11/2018,5.79597E+11,4350715740
8/11/2018,1.46597E+11,4290830040
9/11/2018,7.81581E+11,4362691980
10/11/2018,1.46597E+11,2538412294
11/11/2018,1.46597E+11,2538412294
12/11/2018,1.46597E+11,4879886510
11/13/2018,6.63765E+11,5520610600
11/14/2018,2.21465E+11,3983911760
11/15/2018,1.79261E+11,3806163615
11/16/2018,3.7405E+11,3169649075
11/17/2018,1.46597E+11,2538412294
11/18/2018,1.46597E+11,2538412294
11/19/2018,5.05491E+11,4593373400
11/20/2018,1.46597E+11,2538412294
11/21/2018,7.24439E+11,4685341270
11/22/2018,1.72844E+11,4313372250
11/23/2018,5.27925E+11,3029982240
11/24/2018,1.46597E+11,2538412294
11/25/2018,1.46597E+11,2538412294
11/26/2018,2.12216E+11,4421775320
11/27/2018,3.62688E+11,4053973100
11/28/2018,28876158,3468953040
11/29/2018,1.21978E+11,3703007130
11/30/2018,1.46597E+11,4725132610
1/12/2018,1.46597E+11,2538412294
2/12/2018,1.46597E+11,2538412294
3/12/2018,4.611E+12,2451008700
4/12/2018,1.29786E+12,3126414280
5/12/2018,5.06319E+11,3518474490
6/12/2018,1.46597E+11,2865699210
7/12/2018,1.46597E+11,3588050270
8/12/2018,1.46597E+11,2538412294
9/12/2018,1.46597E+11,2538412294
10/12/2018,7.14657E+11,4248487670
11/12/2018,5.45502E+11,4182891900
12/12/2018,62232699468,3628672000
12/13/2018,5.02932E+11,3620155665
12/14/2018,1.46597E+11,2826158800
12/15/2018,1.46597E+11,2538412294
12/16/2018,1.46597E+11,2538412294
12/17/2018,3.3051E+11,3959424525
12/18/2018,71948256889,4280972215
12/19/2018,5.33606E+11,3529302345
12/20/2018,1.46597E+11,3356469870
12/21/2018,1.92433E+11,3503420775
12/22/2018,1.46597E+11,2538412294
12/23/2018,1.46597E+11,2538412294
12/24/2018,1.46597E+11,2538412294
12/25/2018,1.46597E+11,2538412294
12/26/2018,1.31125E+12,4781495430
12/27/2018,3.81679E+11,4292271720
12/28/2018,1.46597E+11,6298545945
12/29/2018,1.46597E+11,2538412294
12/30/2018,1.46597E+11,2538412294
12/31/2018,1.46597E+11,8540153595
1/1/2019,1.46597E+11,2538412294
2/1/2019,1.46597E+11,219854240
3/1/2019,1.46597E+11,2920246875
4/1/2019,1.46597E+11,4369381785
5/1/2019,1.46597E+11,2538412294
6/1/2019,1.46597E+11,2538412294
7/1/2019,4.33239E+11,5444034555
8/1/2019,1.46597E+11,5121853425
9/1/2019,4.8764E+11,4152059180
10/1/2019,1.46597E+11,3528930680
11/1/2019,2.11E+11,3542055720
12/1/2019,1.46597E+11,2538412294
1/13/2019,1.46597E+11,2538412294
1/14/2019,6.92025E+11,4560320660
1/15/2019,3.45373E+11,4276567780
1/16/2019,1.46597E+11,3405294000
1/17/2019,6.09829E+11,3053506925
1/18/2019,2.61874E+11,2468181100
1/19/2019,1.46597E+11,2538412294
1/20/2019,1.46597E+11,2538412294
1/21/2019,1.46597E+11,3735055465
1/22/2019,6.36276E+11,3688476030
1/23/2019,1.46597E+11,3208843275
1/24/2019,1.46597E+11,3266217750
1/25/2019,4.68085E+11,2498692725
1/26/2019,1.46597E+11,2538412294
1/27/2019,1.46597E+11,2538412294
1/28/2019,1.46597E+11,3537966000
1/29/2019,5.53566E+11,4089080880
1/30/2019,99408377191,3969549255
1/31/2019,6.46341E+11,5513308570
1/2/2019,1.86159E+12,1523975320
2/2/2019,1.46597E+11,2538412294
3/2/2019,1.46597E+11,2538412294
4/2/2019,7.37683E+11,2408223100
5/2/2019,1.46597E+11,2538412294
6/2/2019,3.82035E+11,4762463810
7/2/2019,2.41142E+11,4437160000
8/2/2019,3.95017E+11,3711755960
9/2/2019,1.46597E+11,2538412294
10/2/2019,1.46597E+11,2538412294
11/2/2019,1.7603E+11,4769602775
12/2/2019,2.10744E+11,4538804500
2/13/2019,1.46597E+11,3476175495
2/14/2019,5.25776E+11,3145416390
2/15/2019,2.6581E+11,2734206565
2/16/2019,1.46597E+11,2538412294
2/17/2019,1.46597E+11,2538412294
2/18/2019,1.46597E+11,4451857025
2/19/2019,4.34639E+11,3493807710
2/20/2019,92947391999,3001450925
2/21/2019,326118169,3145855390
2/22/2019,1.46597E+11,2875943650
2/23/2019,1.46597E+11,2538412294
2/24/2019,1.46597E+11,2538412294
2/25/2019,5.9186E+11,3730149850
2/26/2019,3.90726E+11,4227691600
2/27/2019,3.81205E+11,3321084725
2/28/2019,1.46597E+11,6360799760
1/3/2019,94562358687,1279523710
2/3/2019,1.46597E+11,2538412294
3/3/2019,1.46597E+11,2538412294
4/3/2019,9.12432E+11,3017676705
5/3/2019,2.6871E+12,4431823000
6/3/2019,3.67546E+11,3190138380
7/3/2019,1.46597E+11,2538412294
8/3/2019,1.46597E+11,3300395525
9/3/2019,1.46597E+11,2538412294
10/3/2019,1.46597E+11,2538412294
11/3/2019,4.10193E+11,5123070130
12/3/2019,4.19873E+11,4888270100
3/13/2019,24720038751,4155228280
3/14/2019,1.09574E+11,3596840280
3/15/2019,5.90171E+11,2862154845
3/16/2019,1.46597E+11,2538412294
3/17/2019,1.46597E+11,2538412294
3/18/2019,1.46597E+11,4237514990
3/19/2019,6.65775E+11,3950531690
3/20/2019,3009463353,3196053500
3/21/2019,1.56641E+11,2580731250
3/22/2019,1.46597E+11,2883155190
3/23/2019,1.46597E+11,2538412294
3/24/2019,1.46597E+11,2538412294
3/25/2019,3.58791E+11,3635211360
3/26/2019,8.91501E+11,4222490175
3/27/2019,85453876151,2716719970
3/28/2019,1.05627E+11,3555001245
3/29/2019,3.76787E+11,4490691150
3/30/2019,1.46597E+11,2538412294
3/31/2019,1.46597E+11,2538412294
1/4/2019,1.24534E+12,3601663725
2/4/2019,1.17496E+11,3833561040
3/4/2019,1.46597E+11,2538412294
4/4/2019,1.46597E+11,3279166845
5/4/2019,5.57983E+11,4175632120
6/4/2019,1.46597E+11,2538412294
7/4/2019,1.46597E+11,2538412294
8/4/2019,3936060,5218282370
9/4/2019,7.09209E+11,4595562490
10/4/2019,3292993619,4253171280
11/4/2019,3.96175E+11,3562816350
12/4/2019,1360811744,3366226260
4/13/2019,1.46597E+11,2538412294
4/14/2019,1.46597E+11,2538412294
4/15/2019,1574560,4189656135
4/16/2019,1.04458E+12,4152171390
4/17/2019,1.46597E+11,2538412294
4/18/2019,39914264965,2218361600
4/19/2019,1.46597E+11,2538412294
4/20/2019,1.46597E+11,2538412294
4/21/2019,1.46597E+11,2538412294
4/22/2019,4.49352E+11,2207840700
4/23/2019,6.49726E+11,4524120400
4/24/2019,1.91399E+11,4735928680
4/25/2019,7.60806E+11,3223949865
4/26/2019,1.46597E+11,3291025270
4/27/2019,1.46597E+11,2538412294
4/28/2019,1.46597E+11,2538412294
4/29/2019,1.8546E+11,4384172275
4/30/2019,1.46597E+11,8791972910
1/5/2019,1.46597E+11,2538412294
2/5/2019,2.45173E+12,1975933700
3/5/2019,9.88013E+11,3460081680
4/5/2019,1.46597E+11,2538412294
5/5/2019,1.46597E+11,2538412294
6/5/2019,1.46597E+11,6001376890
7/5/2019,1.46597E+11,4598372890
8/5/2019,5.48085E+11,4383088000
9/5/2019,2.39378E+11,4037155200
10/5/2019,1.46597E+11,3033314255
11/5/2019,1.46597E+11,2538412294
12/5/2019,1.46597E+11,2538412294
5/13/2019,1802017439,4458926745
5/14/2019,8.23652E+11,3987483260
5/15/2019,1.89227E+11,3718512420
5/16/2019,4.55659E+11,3159518080
5/17/2019,1.46597E+11,2970249685
5/18/2019,1.46597E+11,2538412294
5/19/2019,1.46597E+11,2538412294
5/20/2019,3.54276E+11,4109681570
5/21/2019,5.63852E+11,4469022730
5/22/2019,2.52231E+11,3596283615
5/23/2019,1.46597E+11,3044835495
5/24/2019,1.85344E+11,2390460500
5/25/2019,1.46597E+11,2538412294
5/26/2019,1.46597E+11,2538412294
5/27/2019,5.28417E+11,3992055000
5/28/2019,6.74469E+11,4997820840
5/29/2019,1.46597E+11,5621788800
5/30/2019,1.46597E+11,2538412294
5/31/2019,4.26365E+12,6523997750
1/6/2019,1.46597E+11,2538412294
2/6/2019,1.46597E+11,2538412294
3/6/2019,1.46597E+11,2538412294
4/6/2019,1.46597E+11,2538412294
5/6/2019,1.46597E+11,2538412294
6/6/2019,1.46597E+11,2538412294
7/6/2019,1.46597E+11,2538412294
8/6/2019,1.46597E+11,2538412294
9/6/2019,1.46597E+11,2538412294
10/6/2019,1.46597E+11,2413411335
11/6/2019,2821920521,3831987400
12/6/2019,1.46597E+11,5614644210
6/13/2019,1.46597E+11,5069510240
6/14/2019,1.29066E+12,4371313050
6/15/2019,1.46597E+11,2538412294
6/16/2019,1.46597E+11,2538412294
6/17/2019,1.46597E+11,5596943695
6/18/2019,8.04983E+11,5941678950
6/19/2019,1.46597E+11,4555914160
6/20/2019,54637450577,3905484200
6/21/2019,3427485470,3970861220
6/22/2019,1.46597E+11,2538412294
6/23/2019,1.46597E+11,2538412294
6/24/2019,3.98119E+11,4339154420
6/25/2019,1.46597E+11,6209195640
6/26/2019,1.28715E+11,4710391875
6/27/2019,7665375881,4495837860
6/28/2019,1.46597E+11,6203837125
6/29/2019,1.46597E+11,2538412294
6/30/2019,1.46597E+11,2538412294
1/7/2019,62749435476,4069846725
2/7/2019,2.4605E+12,4913478440
3/7/2019,7.41575E+11,4301471435
4/7/2019,1.46597E+11,4413255210
5/7/2019,6.49674E+11,4265211200
6/7/2019,1.46597E+11,2538412294
7/7/2019,1.46597E+11,2538412294
8/7/2019,1.46597E+11,5719970640
9/7/2019,1.53913E+11,5396743470
10/7/2019,6.38522E+11,4278218890
11/7/2019,30756433708,4036617455
12/7/2019,7.28617E+11,4720019980
7/13/2019,1.46597E+11,2538412294
7/14/2019,1.46597E+11,2538412294
7/15/2019,1.46597E+11,5736038015
7/16/2019,3.53102E+11,5028803850
7/17/2019,66315085779,4431157770
7/18/2019,96371447717,3574124920
7/19/2019,5.42666E+11,3037056160
7/20/2019,1.46597E+11,2538412294
7/21/2019,1.46597E+11,2538412294
7/22/2019,1.46597E+11,4264623500
7/23/2019,7.03754E+11,4558042830
7/24/2019,96750165476,3569884880
7/25/2019,47106449612,2891336000
7/26/2019,3.31942E+11,2900789415
7/27/2019,1.46597E+11,2538412294
7/28/2019,1.46597E+11,2538412294
7/29/2019,4.45351E+11,4704624000
7/30/2019,6.95263E+11,4925260230
7/31/2019,8.40823E+11,7189261485
1/8/2019,5.44365E+11,1778672145
2/8/2019,1.46597E+11,2483565240
3/8/2019,1.46597E+11,2538412294
4/8/2019,1.46597E+11,2538412294
5/8/2019,4.1943E+11,3914866890
6/8/2019,1.25731E+11,4800749800
7/8/2019,1.46597E+11,4436316280
8/8/2019,1.46597E+11,4060367850
9/8/2019,1.24666E+11,3950768260
10/8/2019,1.46597E+11,2538412294
11/8/2019,1.46597E+11,2538412294
12/8/2019,3.98154E+11,4543265760
8/13/2019,7.37658E+11,4163294575
8/14/2019,3.72042E+11,3801072750
8/15/2019,69634929000,3046228560
8/16/2019,63899539800,3547271455
8/17/2019,1.46597E+11,2538412294
8/18/2019,1.46597E+11,2538412294
8/19/2019,6.08859E+11,2714334920
8/20/2019,4.3796E+11,3984831580
8/21/2019,1.3847E+11,2779007400
8/22/2019,4.13302E+11,3448556760
8/23/2019,4.24761E+11,2921101080
8/24/2019,1.46597E+11,2538412294
8/25/2019,1.46597E+11,2538412294
8/26/2019,2152777949,3837474745
8/27/2019,2.30514E+11,4675122320
8/28/2019,94818039559,3387387780
8/29/2019,1.46597E+11,3509885240
8/30/2019,1.46597E+11,6328268000
8/31/2019,1.46597E+11,2538412294
1/9/2019,1.46597E+11,2538412294
2/9/2019,1.46597E+11,4021715775
3/9/2019,9.39402E+11,4417545040
4/9/2019,1.46597E+11,3574535340
5/9/2019,54137100597,4863682800
6/9/2019,1.46597E+11,5126395400
7/9/2019,1.46597E+11,2538412294
8/9/2019,1.46597E+11,2538412294
9/9/2019,2.6989E+11,5810366750
10/9/2019,1.08486E+12,6444419940
11/9/2019,1.46597E+11,5309875200
12/9/2019,20220455112,4455997845
9/13/2019,7.10298E+11,4266018720
9/14/2019,1.46597E+11,2538412294
9/15/2019,1.46597E+11,2538412294
9/16/2019,1.46597E+11,4329917250
9/17/2019,1.9224E+11,4579367920
9/18/2019,1.46597E+11,4764656125
9/19/2019,3.0533E+11,3400568775
9/20/2019,2.54111E+11,3380307420
9/21/2019,1.46597E+11,2538412294
9/22/2019,1.46597E+11,2538412294
9/23/2019,367687489,3947434530
9/24/2019,4.99452E+11,4633077150
9/25/2019,3.90926E+11,3875268580
9/26/2019,1.46597E+11,3544904250
9/27/2019,1.46597E+11,3184790910
9/28/2019,1.46597E+11,2538412294
9/29/2019,1.46597E+11,2538412294
9/30/2019,4.61792E+11,7725323260
1/10/2019,1.36845E+12,3218884620
2/10/2019,1.37255E+12,2511794650
3/10/2019,217364,2956892120
4/10/2019,1.46597E+11,3290414660
5/10/2019,1.46597E+11,2538412294
6/10/2019,1.46597E+11,2538412294
7/10/2019,4.82226E+11,4116272305
8/10/2019,1.46597E+11,4964326825
9/10/2019,3.63164E+11,4555418910
10/10/2019,1.46597E+11,3373758810
11/10/2019,4.09296E+11,3631395040
12/10/2019,1.46597E+11,2538412294
10/13/2019,1.46597E+11,2538412294
10/14/2019,1.90502E+11,4642282576
10/15/2019,4.25558E+11,4297475779
10/16/2019,1.20263E+11,3760478865
10/17/2019,4.5457E+11,3182817645
10/18/2019,1.37985E+11,2917787230
10/19/2019,1.46597E+11,2538412294
10/20/2019,1.46597E+11,2538412294
10/21/2019,1.46597E+11,4672287840
10/22/2019,2.68145E+11,4003198870
10/23/2019,4.87827E+11,3841395075
10/24/2019,1.46597E+11,2948705760
10/25/2019,6.40417E+11,3087012640
10/26/2019,1.46597E+11,2538412294
10/27/2019,1.46597E+11,2538412294
10/28/2019,2.55378E+11,4735098005
10/29/2019,5.18946E+11,5283192790
10/30/2019,5.07632E+11,4541177780
10/31/2019,8.03793E+11,7032467990
1/11/2019,2.3785E+11,1678912200
2/11/2019,1.46597E+11,2538412294
3/11/2019,1.46597E+11,2538412294
4/11/2019,60531226237,3891376980
5/11/2019,1.46597E+11,4961935350
6/11/2019,4.74056E+11,4493448960
7/11/2019,1.46597E+11,3808692300
8/11/2019,3.99399E+11,3748784490
9/11/2019,1.46597E+11,2538412294
10/11/2019,1.46597E+11,2538412294
11/11/2019,4.54142E+11,4191441150
12/11/2019,570025895,4380471440
11/13/2019,3.07784E+11,4554702555
11/14/2019,1.46597E+11,3368138790
11/15/2019,6.84306E+11,3515119000
11/16/2019,1.46597E+11,2538412294
11/17/2019,1.46597E+11,2538412294
11/18/2019,1.46597E+11,4429558320
11/19/2019,1.00048E+12,4120488960
11/20/2019,1.32726E+11,3324960495
11/21/2019,5.76631E+11,2978429475
11/22/2019,1.8655E+11,3472136820
11/23/2019,1.46597E+11,2538412294
11/24/2019,1.46597E+11,2538412294
11/25/2019,3.71409E+11,3525511110
11/26/2019,82223393,4699721995
11/27/2019,1.46597E+11,3294585150
11/28/2019,1.89614E+11,3627493320
11/29/2019,1.46597E+11,4530328320
11/30/2019,1.46597E+11,2538412294
1/12/2019,1.46597E+11,2538412294
2/12/2019,1.46597E+11,3582412920
3/12/2019,1.60224E+12,2963407265
4/12/2019,1.46597E+11,3394899830
5/12/2019,4.02882E+11,3386758530
6/12/2019,1.35411E+11,3737672625
7/12/2019,1.46597E+11,2538412294
8/12/2019,1.46597E+11,2538412294
9/12/2019,1.46597E+11,4385335080
10/12/2019,5.40554E+11,4584028900
11/12/2019,5.26039E+11,4289440000
12/12/2019,1.46597E+11,2928738150
12/13/2019,2.81234E+11,3515040000
12/14/2019,1.46597E+11,2538412294
12/15/2019,1.46597E+11,2538412294
12/16/2019,1.46597E+11,4734554955
12/17/2019,6.95266E+11,4667168000
12/18/2019,1.46597E+11,3621970760
12/19/2019,66657895609,3652828380
12/20/2019,5.86432E+11,3279698100
12/21/2019,1.46597E+11,2538412294
12/22/2019,1.46597E+11,2538412294
12/23/2019,6.10539E+11,3778260050
12/24/2019,1.46597E+11,2538412294
12/25/2019,1.46597E+11,2538412294
12/26/2019,1.46597E+11,5921108270
12/27/2019,4.23393E+11,5079061680
12/28/2019,1.46597E+11,2538412294
12/29/2019,1.46597E+11,2538412294
12/30/2019,1.59663E+11,6847508650
12/31/2019,3.16537E+12,8736062600
