Periode;pnbp_minyak_bumi;pnbp_layanan_sim
01/01/2016;0;0
02/01/2016;0;0
03/01/2016;0;0
04/01/2016;0;1328822520
05/01/2016;344482807952;4140569370
06/01/2016;4940466828;3889222625
07/01/2016;264719230957;3617950980
08/01/2016;568028418;3742693020
09/01/2016;0;0
10/01/2016;0;0
11/01/2016;173968411251;4971049330
12/01/2016;36993303534;3930837785
13/01/2016;95181731807;3317041235
14/01/2016;222636972700;3177440060
15/01/2016;114221376406;2965463215
16/01/2016;0;0
17/01/2016;0;0
18/01/2016;0;4370471560
19/01/2016;29465366240;3740184720
20/01/2016;0;3106313550
21/01/2016;0;3208732160
22/01/2016;130090353993;2643011420
23/01/2016;0;0
24/01/2016;0;0
25/01/2016;0;4112005075
26/01/2016;91586168801;3434877625
27/01/2016;12590279807;3136419450
28/01/2016;239222520792;3165087040
29/01/2016;257694962964;5012847065
30/01/2016;0;0
31/01/2016;0;0
01/02/2016;184211928502;3417571945
02/02/2016;1203539001353;3349328800
03/02/2016;0;3356916700
04/02/2016;35764026;2994073300
05/02/2016;135038753622;3063186625
06/02/2016;0;0
07/02/2016;0;0
08/02/2016;0;0
09/02/2016;261517585830;4516258250
10/02/2016;0;4241854925
11/02/2016;142421637289;3237061110
12/02/2016;414625897455;3248210545
13/02/2016;0;0
14/02/2016;0;0
15/02/2016;139572693979;4028364000
16/02/2016;129153748199;3969684535
17/02/2016;125817017280;2933560070
18/02/2016;33134269767;2727299175
19/02/2016;0;2929390920
20/02/2016;0;0
21/02/2016;0;0
22/02/2016;248170941998;3756592015
23/02/2016;79606765642;3409138145
24/02/2016;0;2708261270
25/02/2016;0;2373146100
26/02/2016;1415730058;2885368285
27/02/2016;0;0
28/02/2016;0;0
29/02/2016;52435378983;6009852340
01/03/2016;11083810836;2432236380
02/03/2016;694560025962;2961702950
03/03/2016;225584176620;3161903130
04/03/2016;0;3651022430
05/03/2016;0;0
06/03/2016;0;0
07/03/2016;0;5595732230
08/03/2016;77496985834;4841082855
09/03/2016;0;0
10/03/2016;54187096848;4101244650
11/03/2016;58393657662;4512776000
12/03/2016;0;0
13/03/2016;0;0
14/03/2016;100358917656;5038319620
15/03/2016;0;4365803260
16/03/2016;0;3708833100
17/03/2016;0;3012082920
18/03/2016;0;3267333300
19/03/2016;0;0
20/03/2016;0;0
21/03/2016;161494313091;4516323840
22/03/2016;0;3959831250
23/03/2016;79174724568;2929084850
24/03/2016;50589445010;3185918610
25/03/2016;0;0
26/03/2016;0;0
27/03/2016;0;0
28/03/2016;281071322569;4411291600
29/03/2016;256143111059;4396258000
30/03/2016;0;3370094000
31/03/2016;89560228028;5121138855
01/04/2016;0;1887140140
02/04/2016;0;0
03/04/2016;0;0
04/04/2016;0;3688390880
05/04/2016;207862448694;4150584680
06/04/2016;0;3540775425
07/04/2016;422003;3208051650
08/04/2016;17771543787;3464181960
09/04/2016;0;0
10/04/2016;0;0
11/04/2016;7505274;4487201030
12/04/2016;182696027512;4253089525
13/04/2016;0;3623516160
14/04/2016;758351;3380503470
15/04/2016;231526984194;3278940340
16/04/2016;0;0
17/04/2016;0;0
18/04/2016;274801892973;4033530495
19/04/2016;0;4203046220
20/04/2016;0;3127860810
21/04/2016;0;3053225280
22/04/2016;71181720446;2824463810
23/04/2016;0;0
24/04/2016;0;0
25/04/2016;33847687613;3959532720
26/04/2016;0;3490938015
27/04/2016;104137106533;3057816435
28/04/2016;189559947;3346907000
29/04/2016;165798519583;4020251900
30/04/2016;0;0
01/05/2016;0;0
02/05/2016;260308563356;4387155630
03/05/2016;667020208658;3761593560
04/05/2016;328125996193;3689188710
05/05/2016;0;0
06/05/2016;0;0
07/05/2016;0;0
08/05/2016;0;0
09/05/2016;69773513368;5097894690
10/05/2016;109153138446;4922533200
11/05/2016;0;3788747450
12/05/2016;132767048917;3144388390
13/05/2016;157559581001;3038730290
14/05/2016;0;0
15/05/2016;0;0
16/05/2016;24898154713;4771513890
17/05/2016;0;2234170260
18/05/2016;0;5286636760
19/05/2016;114445328146;3545761450
20/05/2016;21408603162;3792754320
21/05/2016;0;0
22/05/2016;0;0
23/05/2016;67244536053;4628900760
24/05/2016;0;4373696880
25/05/2016;97808129541;3558877350
26/05/2016;0;3235335735
27/05/2016;191716658431;3503410440
28/05/2016;0;0
29/05/2016;0;0
30/05/2016;0;3773773535
31/05/2016;955318943610;7033853430
01/06/2016;38108509229;1835068035
02/06/2016;162228325683;2591796555
03/06/2016;0;3085726675
04/06/2016;0;0
05/06/2016;0;0
06/06/2016;23759247314;5225760815
07/06/2016;222194023555;3641830530
08/06/2016;124820789939;4069124025
09/06/2016;72513417231;2733869320
10/06/2016;19226561833;3131243500
11/06/2016;0;0
12/06/2016;0;0
13/06/2016;2736176;4435565200
14/06/2016;686664242021;4025765520
15/06/2016;139566318498;3054723860
16/06/2016;18318866746;2769807760
17/06/2016;0;3190412000
18/06/2016;0;0
19/06/2016;0;0
20/06/2016;0;3984816745
21/06/2016;213291446363;3818832350
22/06/2016;0;3282446160
23/06/2016;170448603772;3218374650
24/06/2016;251732366832;3230834100
25/06/2016;0;0
26/06/2016;0;0
27/06/2016;0;2806386800
28/06/2016;49862690741;6137870200
29/06/2016;104623489680;4363966640
30/06/2016;17752749597;5511545760
01/07/2016;2458414874857;2034873970
02/07/2016;0;0
03/07/2016;0;0
04/07/2016;0;0
05/07/2016;0;0
06/07/2016;0;0
07/07/2016;0;0
08/07/2016;0;0
09/07/2016;0;0
10/07/2016;0;0
11/07/2016;197238637854;4678802950
12/07/2016;0;5219183340
13/07/2016;0;5773453335
14/07/2016;236510000640;4756113000
15/07/2016;75702779525;4661812545
16/07/2016;0;0
17/07/2016;0;0
18/07/2016;50238941324;5315679425
19/07/2016;293522578095;5087200360
20/07/2016;0;4044994770
21/07/2016;33549949156;3306127890
22/07/2016;0;3729473460
23/07/2016;0;0
24/07/2016;0;0
25/07/2016;0;4604011295
26/07/2016;256742201615;4328699575
27/07/2016;99254144522;3359440125
28/07/2016;4031339880;3493759500
29/07/2016;810277901978;5082569730
30/07/2016;0;0
31/07/2016;0;4026150
01/08/2016;793803874232;1614069900
02/08/2016;0;5523507600
03/08/2016;234070702938;4048011180
04/08/2016;178544351756;3750201895
05/08/2016;828352445184;3625683120
06/08/2016;0;0
07/08/2016;0;0
08/08/2016;92747834890;4686557400
09/08/2016;0;4668889400
10/08/2016;239573081699;3717940095
11/08/2016;51450;3685954860
12/08/2016;556342050619;3137124580
13/08/2016;0;0
14/08/2016;0;0
15/08/2016;274398201367;3889399110
16/08/2016;32568347354;4252206255
17/08/2016;0;0
18/08/2016;244590;2978019520
19/08/2016;301069431849;3245384775
20/08/2016;0;0
21/08/2016;0;0
22/08/2016;143990187924;3667186250
23/08/2016;233997536695;3809734425
24/08/2016;0;3210175780
25/08/2016;86825086772;3078455040
26/08/2016;44991749013;2754390320
27/08/2016;0;0
28/08/2016;0;0
29/08/2016;695273668688;4266692980
30/08/2016;-10534657547967;3508143750
31/08/2016;807446597173;4616691300
01/09/2016;402552535529;1594937960
02/09/2016;123535333305;2494429180
03/09/2016;0;0
04/09/2016;0;0
05/09/2016;60525588911;3774632655
06/09/2016;42224765653;3819480450
07/09/2016;-2855064;3266614520
08/09/2016;236528279435;2443233465
09/09/2016;299878869332;3300884640
10/09/2016;0;0
11/09/2016;0;0
12/09/2016;0;0
13/09/2016;77090083704;4596308000
14/09/2016;92724920587;3897276025
15/09/2016;11139846283;3190537680
16/09/2016;66173180984;2821217100
17/09/2016;0;0
18/09/2016;0;0
19/09/2016;237558044844;3149179095
20/09/2016;237723306654;2703214800
21/09/2016;-4967064;2271300255
22/09/2016;83078545215;2415281015
23/09/2016;181602481984;2458135800
24/09/2016;0;0
25/09/2016;0;0
26/09/2016;441224261876;3386151450
27/09/2016;0;3626724230
28/09/2016;246937679774;3112993520
29/09/2016;74344868171;2904972240
30/09/2016;1211834495331;3825619700
01/10/2016;0;-11894175
02/10/2016;0;0
03/10/2016;0;2622640955
04/10/2016;345681157281;3203727040
05/10/2016;0;3407323465
06/10/2016;0;2645542270
07/10/2016;573251430432;3007507320
08/10/2016;0;0
09/10/2016;0;0
10/10/2016;106444797922;3587792250
11/10/2016;80319730325;3439476040
12/10/2016;0;3068988585
13/10/2016;0;2512643175
14/10/2016;0;1993210570
15/10/2016;0;0
16/10/2016;0;0
17/10/2016;294512381959;2375852340
18/10/2016;8602489596;2073999060
19/10/2016;0;1512622650
20/10/2016;341019271489;1383317010
21/10/2016;109548147958;1433744940
22/10/2016;0;0
23/10/2016;0;0
24/10/2016;131575620129;1963530800
25/10/2016;548915907930;1827099755
26/10/2016;39371520087;1388436895
27/10/2016;58664262560;1682721460
28/10/2016;73250452551;1508222240
29/10/2016;0;0
30/10/2016;0;0
31/10/2016;0;3261391545
01/11/2016;1371654882570;1238676880
02/11/2016;0;1594936320
03/11/2016;195756933530;1719797040
04/11/2016;475726627203;1869384300
05/11/2016;0;0
06/11/2016;0;0
07/11/2016;246412074215;2196316640
08/11/2016;110490816682;2649141840
09/11/2016;82455530060;2238982205
10/11/2016;390664684621;1771059780
11/11/2016;40060219811;2002739400
12/11/2016;0;0
13/11/2016;0;0
14/11/2016;358632378133;2993257490
15/11/2016;81772981071;2647602300
16/11/2016;0;2229368000
17/11/2016;0;2113819015
18/11/2016;673199100095;2113574980
19/11/2016;0;0
20/11/2016;0;0
21/11/2016;431057053384;3282701225
22/11/2016;132087630541;2852916880
23/11/2016;0;2921405125
24/11/2016;69870074037;2511214230
25/11/2016;432724423881;2306476535
26/11/2016;0;0
27/11/2016;0;0
28/11/2016;474412106415;3179944110
29/11/2016;601927649236;3653243655
30/11/2016;9198391636;4487582000
01/12/2016;165551334311;1390822940
02/12/2016;1781390535757;1941605490
03/12/2016;0;0
04/12/2016;0;0
05/12/2016;183249909;2827214280
06/12/2016;464106506925;3660441675
07/12/2016;0;3235653540
08/12/2016;84576840589;2622481700
09/12/2016;828178775217;2519402500
10/12/2016;-13995520;0
11/12/2016;0;0
12/12/2016;0;0
13/12/2016;51395370242;3916804200
14/12/2016;127015675669;3700975520
15/12/2016;74620;2930224450
16/12/2016;408244169574;2855118635
17/12/2016;0;0
18/12/2016;0;0
19/12/2016;218758323617;3509409560
20/12/2016;21640858505;3644297230
21/12/2016;0;3199919250
22/12/2016;0;3063045765
23/12/2016;781511302202;2783401060
24/12/2016;0;0
25/12/2016;0;0
26/12/2016;0;0
27/12/2016;579672766798;3794449215
28/12/2016;86169985334;4197324047
29/12/2016;180918789050;4306937070
30/12/2016;-9474549221975;2610155800
31/12/2016;1308096188735;4887403200
01/01/2017;0;0
02/01/2017;0;0
03/01/2017;0;214530860
04/01/2017;0;3191617520
05/01/2017;0;3276071865
06/01/2017;0;4749598980
07/01/2017;0;0
08/01/2017;0;0
09/01/2017;0;4113654765
10/01/2017;0;4139470090
11/01/2017;0;3112440000
12/01/2017;0;2856715400
13/01/2017;0;3006202810
14/01/2017;0;0
15/01/2017;0;0
16/01/2017;0;3456750180
17/01/2017;250899622256;3846477420
18/01/2017;273982538253;2815780390
19/01/2017;138285508311;2559843300
20/01/2017;0;2454149880
21/01/2017;0;0
22/01/2017;0;0
23/01/2017;282693975211;3586070070
24/01/2017;0;3757277680
25/01/2017;176044178556;2539158750
26/01/2017;14451516488;2489470725
27/01/2017;101476729800;2856291740
28/01/2017;0;0
29/01/2017;0;0
30/01/2017;634908484151;2487803290
31/01/2017;346315118842;5528130510
01/02/2017;1666005258105;1896144910
02/02/2017;323610906028;2295719800
03/02/2017;99502974629;2648305200
04/02/2017;0;0
05/02/2017;0;0
06/02/2017;177810575456;3528783500
07/02/2017;153342;4006648800
08/02/2017;521663961415;2833841340
09/02/2017;82755299119;3249273950
10/02/2017;37051639224;2916868500
11/02/2017;0;0
12/02/2017;0;0
13/02/2017;0;4241512270
14/02/2017;624115209484;3674546940
15/02/2017;0;0
16/02/2017;2161941283;2822253520
17/02/2017;698746693416;2978393320
18/02/2017;0;0
19/02/2017;0;0
20/02/2017;0;3577408005
21/02/2017;165537288991;3606466560
22/02/2017;109832558960;2797919460
23/02/2017;130985856141;2393319950
24/02/2017;244697201788;2274636000
25/02/2017;0;0
26/02/2017;0;0
27/02/2017;641447956783;3933608835
28/02/2017;27573801;5854392705
01/03/2017;49398920784;1773509430
02/03/2017;141396918239;2594333475
03/03/2017;1540120953284;3152088665
04/03/2017;0;0
05/03/2017;0;0
06/03/2017;850104905019;4546382985
07/03/2017;154158408001;4516398600
08/03/2017;0;3750293785
09/03/2017;110231100719;3536593760
10/03/2017;91547681714;3382444170
11/03/2017;0;0
12/03/2017;0;0
13/03/2017;0;4113519750
14/03/2017;697897807899;4305266250
15/03/2017;414058202184;3870866540
16/03/2017;339516633270;2739230100
17/03/2017;0;2829261000
18/03/2017;0;0
19/03/2017;0;0
20/03/2017;53694737482;3752324900
21/03/2017;0;4236403310
22/03/2017;280694187616;3073164320
23/03/2017;352826322524;2768455150
24/03/2017;240964608683;2376463040
25/03/2017;0;0
26/03/2017;0;0
27/03/2017;615182035;3437410830
28/03/2017;0;0
29/03/2017;1434758922760;4484446785
30/03/2017;2752976298;3659041380
31/03/2017;418642244620;4868001600
01/04/2017;0;0
02/04/2017;0;0
03/04/2017;490264815321;2955716380
04/04/2017;193984603762;3539230140
05/04/2017;147133749661;3408761280
06/04/2017;346501364810;2914461015
07/04/2017;65572024135;2910564900
08/04/2017;0;0
09/04/2017;0;0
10/04/2017;296372265225;3727261600
11/04/2017;104972313456;4378440680
12/04/2017;417918664293;3718101475
13/04/2017;650561456909;3368104995
14/04/2017;0;0
15/04/2017;0;0
16/04/2017;0;0
17/04/2017;123217303196;4548731125
18/04/2017;198257178221;4817788235
19/04/2017;0;3067519005
20/04/2017;205819500824;3264163260
21/04/2017;0;2856616380
22/04/2017;0;0
23/04/2017;0;0
24/04/2017;0;0
25/04/2017;186408000196;3864185960
26/04/2017;0;4356592305
27/04/2017;43823897672;3777729120
28/04/2017;126103242239;4280983625
29/04/2017;0;0
30/04/2017;0;0
01/05/2017;0;0
02/05/2017;1940311161485;4044965540
03/05/2017;62976732395;3450366800
04/05/2017;456959636658;3936081600
05/05/2017;168203972429;3817111540
06/05/2017;0;0
07/05/2017;0;0
08/05/2017;-1157100;4646608200
09/05/2017;286303284985;4884690000
10/05/2017;98877590314;3766838060
11/05/2017;0;0
12/05/2017;160465144001;3646938075
13/05/2017;0;0
14/05/2017;0;0
15/05/2017;617019255615;5468972320
16/05/2017;278473846248;5912768880
17/05/2017;0;3880268140
18/05/2017;6602573680;3705866400
19/05/2017;0;3033550075
20/05/2017;0;0
21/05/2017;0;0
22/05/2017;344842582191;4408639930
23/05/2017;388587280119;4336025925
24/05/2017;440570523401;4849520280
25/05/2017;0;0
26/05/2017;682589524784;3432096030
27/05/2017;0;0
28/05/2017;0;0
29/05/2017;0;7095858900
30/05/2017;456715979521;5120493720
31/05/2017;2182572537035;5744971120
01/06/2017;0;0
02/06/2017;43726506121;1826324080
03/06/2017;0;0
04/06/2017;0;0
05/06/2017;198210358063;4678445520
06/06/2017;0;4716774890
07/06/2017;251840;4526141100
08/06/2017;133691867777;3652707590
09/06/2017;777002175100;3187544325
10/06/2017;0;0
11/06/2017;0;0
12/06/2017;275980967931;4799765275
13/06/2017;0;5115288640
14/06/2017;211945736002;4296045720
15/06/2017;0;3556836475
16/06/2017;-1559261;3370074200
17/06/2017;0;0
18/06/2017;-759050;0
19/06/2017;804734466384;4502184960
20/06/2017;454700859707;5448777460
21/06/2017;152490915819;4792724875
22/06/2017;380810255179;5373264930
23/06/2017;0;0
24/06/2017;0;0
25/06/2017;0;0
26/06/2017;0;0
27/06/2017;0;0
28/06/2017;0;0
29/06/2017;0;0
30/06/2017;0;0
01/07/2017;0;0
02/07/2017;0;0
03/07/2017;2330517261599;3558259200
04/07/2017;273361657443;3687428945
05/07/2017;321949926209;6890227580
06/07/2017;335631423406;4835196160
07/07/2017;0;5214818975
08/07/2017;0;0
09/07/2017;0;0
10/07/2017;461163936873;5998707130
11/07/2017;184577288101;5720074660
12/07/2017;193621267478;4535107955
13/07/2017;241653520754;4866174355
14/07/2017;145291372748;3795253020
15/07/2017;0;0
16/07/2017;0;0
17/07/2017;87895379905;4854117510
18/07/2017;82489517598;4456071900
19/07/2017;186692429709;6229376515
20/07/2017;1664526975;3172031200
21/07/2017;-1181050;3369255600
22/07/2017;0;0
23/07/2017;0;0
24/07/2017;244605543439;4391903250
25/07/2017;450218975778;4838725075
26/07/2017;119907337412;4372022160
27/07/2017;92362771187;3124843480
28/07/2017;30525192818;4134478400
29/07/2017;0;0
30/07/2017;0;0
31/07/2017;735012968750;6420861780
01/08/2017;469834843800;3104052240
02/08/2017;0;3129236240
03/08/2017;688445;3492423780
04/08/2017;308387736771;3022271560
05/08/2017;0;0
06/08/2017;0;0
07/08/2017;324032984417;5052553200
08/08/2017;0;4556761565
09/08/2017;149276805447;3913337185
10/08/2017;1763281327;3911060985
11/08/2017;0;3446148060
12/08/2017;0;0
13/08/2017;0;0
14/08/2017;158678656325;4486189775
15/08/2017;426139945198;4425248700
16/08/2017;0;4141925550
17/08/2017;0;0
18/08/2017;239224477418;3785836110
19/08/2017;0;0
20/08/2017;0;0
21/08/2017;0;4653850980
22/08/2017;1002477993372;4250535825
23/08/2017;327736690295;3397861200
24/08/2017;105173843934;2678660690
25/08/2017;0;3182923890
26/08/2017;0;0
27/08/2017;0;0
28/08/2017;666497268284;3893364240
29/08/2017;0;4499119960
30/08/2017;145872930345;3472443480
31/08/2017;305914700858;5335544300
01/09/2017;0;0
02/09/2017;0;0
03/09/2017;0;0
04/09/2017;1590853976065;2348711640
05/09/2017;141015285070;3555017380
06/09/2017;0;3398017920
07/09/2017;363029967768;3460526910
08/09/2017;1789736874;3311156300
09/09/2017;0;0
10/09/2017;0;0
11/09/2017;352377580858;4069186240
12/09/2017;403515919029;4735486125
13/09/2017;32496773427;3281331240
14/09/2017;284758158976;2928167010
15/09/2017;232597697050;2860396895
16/09/2017;0;0
17/09/2017;0;0
18/09/2017;0;3921039010
19/09/2017;658358909834;3901723330
20/09/2017;102842490184;2988507900
21/09/2017;0;0
22/09/2017;256855392114;2842242810
23/09/2017;0;0
24/09/2017;0;0
25/09/2017;142545554202;3557864380
26/09/2017;488021930084;4155872170
27/09/2017;0;2824683395
28/09/2017;0;3234959000
29/09/2017;6389503986;3983994940
30/09/2017;0;0
01/10/2017;0;0
02/10/2017;603902167464;3246039520
03/10/2017;1735064174288;3266472620
04/10/2017;32581223037;3054006395
05/10/2017;35010237366;2761155120
06/10/2017;167397672196;3299494920
07/10/2017;0;0
08/10/2017;0;0
09/10/2017;151500159527;4066029825
10/10/2017;0;4664443440
11/10/2017;378620394245;3664153840
12/10/2017;0;3045776440
13/10/2017;179718647057;3379891250
14/10/2017;0;0
15/10/2017;0;0
16/10/2017;390407287842;4198290250
17/10/2017;155767157304;4166675125
18/10/2017;-913215528950;2996890050
19/10/2017;314756455920;3133106900
20/10/2017;376149299609;3061278495
21/10/2017;0;0
22/10/2017;0;0
23/10/2017;0;4040796410
24/10/2017;306408384944;3883104550
25/10/2017;200456279899;3211073055
26/10/2017;0;3082232040
27/10/2017;336139989980;2806751255
28/10/2017;0;0
29/10/2017;0;0
30/10/2017;1175661871747;4825088580
31/10/2017;-7278536406682;6584897015
01/11/2017;96806359253;1949304320
02/11/2017;264222638319;2520886390
03/11/2017;182390;3368356000
04/11/2017;0;0
05/11/2017;0;0
06/11/2017;158601548157;5173953800
07/11/2017;598695344752;5912465600
08/11/2017;0;5117870010
09/11/2017;16604582321;4826182985
10/11/2017;111639094873;4414799435
11/11/2017;0;0
12/11/2017;0;0
13/11/2017;436055012308;5866171440
14/11/2017;246087437410;5839553600
15/11/2017;109100852914;4906155090
16/11/2017;0;3778117980
17/11/2017;89708046404;3772057500
18/11/2017;0;0
19/11/2017;0;0
20/11/2017;663441596600;5037621210
21/11/2017;168770800135;4015986000
22/11/2017;70991592935;3896880400
23/11/2017;285274341015;3669377160
24/11/2017;365376730788;3063383400
25/11/2017;0;0
26/11/2017;0;0
27/11/2017;337050401931;4532963375
28/11/2017;118064052232;4597490240
29/11/2017;0;3652915110
30/11/2017;79381152986;5906549790
01/12/2017;0;0
02/12/2017;0;0
03/12/2017;0;0
04/12/2017;1869572900248;2619823590
05/12/2017;0;4595836850
06/12/2017;3375301045;3958417345
07/12/2017;47460724983;3676377600
08/12/2017;523787068926;3132368120
09/12/2017;0;0
10/12/2017;0;0
11/12/2017;147954;4787289675
12/12/2017;2082519225;5058078720
13/12/2017;-1022648;3845567235
14/12/2017;115065718046;3444491540
15/12/2017;135535581067;2887279350
16/12/2017;0;0
17/12/2017;0;0
18/12/2017;0;2687241340
19/12/2017;1191560889777;6801438750
20/12/2017;305563994242;4108678200
21/12/2017;216485551560;3922325365
22/12/2017;0;3061815900
23/12/2017;0;0
24/12/2017;0;0
25/12/2017;0;0
26/12/2017;0;0
27/12/2017;1102800616641;5554689140
28/12/2017;-321720706692;5842134540
29/12/2017;-9744980623504;7018899030
30/12/2017;2154486257931;4755908650
31/12/2017;-2268857508601;210200340
01/01/2018;0;0
02/01/2018;0;97063280
03/01/2018;1687807215;3071302920
04/01/2018;0;4401335000
05/01/2018;0;4262676700
06/01/2018;0;0
07/01/2018;0;0
08/01/2018;161997184395;6164908625
09/01/2018;123640735691;5724495800
10/01/2018;0;4239087650
11/01/2018;437403556228;3513237000
12/01/2018;0;3884103650
13/01/2018;0;0
14/01/2018;0;0
15/01/2018;213139329788;4721471775
16/01/2018;915114498261;4613639490
17/01/2018;325235857349;3745691950
18/01/2018;71934910569;3247651465
19/01/2018;767518817365;2818802610
20/01/2018;0;0
21/01/2018;0;0
22/01/2018;0;4754790180
23/01/2018;93760296659;3868589780
24/01/2018;410652888931;3799894140
25/01/2018;0;3125500235
26/01/2018;317101664033;2732990280
27/01/2018;0;0
28/01/2018;0;0
29/01/2018;766926293886;3894754440
30/01/2018;76817846864;5040745480
31/01/2018;999850682224;5814056660
01/02/2018;1614739625023;1716774595
02/02/2018;448880562895;2377254180
03/02/2018;0;0
04/02/2018;0;0
05/02/2018;0;3828191790
06/02/2018;526508562187;4637334695
07/02/2018;0;4071387100
08/02/2018;322104203012;3622160080
09/02/2018;1351667;3073848800
10/02/2018;0;0
11/02/2018;0;0
12/02/2018;1642977579;4259737620
13/02/2018;326779699509;4469457855
14/02/2018;191077420884;3509891810
15/02/2018;386756758973;2378833380
16/02/2018;0;0
17/02/2018;0;0
18/02/2018;0;0
19/02/2018;849249166250;4968883800
20/02/2018;327780853984;4063222800
21/02/2018;70086004641;3129564195
22/02/2018;461228651997;2930766150
23/02/2018;133009466443;2732289000
24/02/2018;0;0
25/02/2018;0;0
26/02/2018;125647514690;3924203220
27/02/2018;799291183939;4632845430
28/02/2018;52155574301;5642117195
01/03/2018;0;1652527240
02/03/2018;0;2593893720
03/03/2018;0;0
04/03/2018;0;0
05/03/2018;2896352377444;4043763870
06/03/2018;627886481084;4736123475
07/03/2018;0;4256544285
08/03/2018;57776914555;3620492190
09/03/2018;341658332176;3092064945
10/03/2018;0;0
11/03/2018;0;0
12/03/2018;269536561644;4823202280
13/03/2018;727127338703;5008428020
14/03/2018;0;3704702875
15/03/2018;0;3205018200
16/03/2018;505148948322;3108331880
17/03/2018;0;0
18/03/2018;0;0
19/03/2018;0;2759721300
20/03/2018;417330486292;4014537760
21/03/2018;2586260988;3200208000
22/03/2018;0;3112259640
23/03/2018;114262781035;2922318530
24/03/2018;0;0
25/03/2018;0;0
26/03/2018;560451727368;4085825835
27/03/2018;65706843138;4950412000
28/03/2018;650029351578;3557860455
29/03/2018;1614313330927;4846109875
30/03/2018;0;0
31/03/2018;0;0
01/04/2018;0;0
02/04/2018;931551787247;4135772450
03/04/2018;51971447514;3979474720
04/04/2018;135528428221;4081154840
05/04/2018;418286406502;3337704825
06/04/2018;667867680066;2694877640
07/04/2018;0;0
08/04/2018;0;0
09/04/2018;54657633568;5220875940
10/04/2018;0;4956499770
11/04/2018;690003726454;4393960270
12/04/2018;119998907678;3189088560
13/04/2018;329958743183;3972007910
14/04/2018;0;0
15/04/2018;0;0
16/04/2018;3869216;2621536000
17/04/2018;164060138339;2893077300
18/04/2018;0;3269577150
19/04/2018;170431368433;2884950900
20/04/2018;484468038674;2786477400
21/04/2018;0;0
22/04/2018;0;0
23/04/2018;0;3888345100
24/04/2018;-935408575325;4524295680
25/04/2018;459125563863;3751601190
26/04/2018;2627754281;3140085465
27/04/2018;587383554123;3774365420
28/04/2018;0;0
29/04/2018;0;0
30/04/2018;1269148689380;7373708950
01/05/2018;0;0
02/05/2018;2370970335019;3247165440
03/05/2018;412252302092;3537994140
04/05/2018;0;4495687550
05/05/2018;0;0
06/05/2018;0;0
07/05/2018;1172564208944;4889386975
08/05/2018;0;5459791390
09/05/2018;132878656233;4220223480
10/05/2018;0;0
11/05/2018;287011366830;4454233740
12/05/2018;0;0
13/05/2018;0;0
14/05/2018;102104779098;5963025300
15/05/2018;812456379235;5454100575
16/05/2018;659325648250;4471403805
17/05/2018;0;3434914175
18/05/2018;270864368412;3830896225
19/05/2018;0;0
20/05/2018;0;0
21/05/2018;0;4418717190
22/05/2018;626885409904;4676231325
23/05/2018;79773749149;2985721570
24/05/2018;0;2692689120
25/05/2018;939313789667;3018595540
26/05/2018;0;0
27/05/2018;0;0
28/05/2018;306941840203;4151785680
29/05/2018;0;0
30/05/2018;1521330414777;4477972170
31/05/2018;1941716968554;6610063060
01/06/2018;0;0
02/06/2018;0;0
03/06/2018;0;0
04/06/2018;870597774945;4458185220
05/06/2018;745402908;4597870660
06/06/2018;431305637249;4965479000
07/06/2018;0;3983189875
08/06/2018;0;5406677640
09/06/2018;-1036505;0
10/06/2018;0;0
11/06/2018;0;0
12/06/2018;0;0
13/06/2018;0;0
14/06/2018;0;0
15/06/2018;0;0
16/06/2018;0;0
17/06/2018;0;0
18/06/2018;0;0
19/06/2018;3720515487470;4830692100
20/06/2018;0;143616720
21/06/2018;0;3202827610
22/06/2018;101713648808;5978600420
23/06/2018;0;0
24/06/2018;0;0
25/06/2018;371364202639;7054894560
26/06/2018;426586286647;5071762500
27/06/2018;129237120395;2576457070
28/06/2018;0;3233647230
29/06/2018;-1397717061946;7585799380
30/06/2018;0;0
01/07/2018;0;0
02/07/2018;467508570301;5281633910
03/07/2018;3404132099482;4663320480
04/07/2018;0;4133363060
05/07/2018;125562440250;4198180515
06/07/2018;772048226036;4463357080
07/07/2018;0;0
08/07/2018;0;0
09/07/2018;0;5844220470
10/07/2018;154712433272;4941555820
11/07/2018;287571548560;4504940500
12/07/2018;773696211131;4284742000
13/07/2018;0;4147088465
14/07/2018;0;0
15/07/2018;0;0
16/07/2018;743540156343;4798096725
17/07/2018;386448106028;6169824075
18/07/2018;350315583531;3939354265
19/07/2018;292824594043;3487794080
20/07/2018;540793621344;3319594110
21/07/2018;0;0
22/07/2018;0;0
23/07/2018;843948852025;3989645650
24/07/2018;-243506581226;4060026400
25/07/2018;0;3633753850
26/07/2018;493534582669;3110082015
27/07/2018;307980833462;3268579860
28/07/2018;0;0
29/07/2018;0;0
30/07/2018;397579543667;4878844320
31/07/2018;1910368732438;6654576120
01/08/2018;548350653305;1736196075
02/08/2018;0;2897861140
03/08/2018;1023701735271;3336389600
04/08/2018;0;0
05/08/2018;0;0
06/08/2018;681550147189;4685882990
07/08/2018;221338123308;4744594680
08/08/2018;534695422361;4075086175
09/08/2018;147463926928;3705149910
10/08/2018;34012583351;3535430130
11/08/2018;0;0
12/08/2018;0;0
13/08/2018;0;4604121645
14/08/2018;151425527099;4458598040
15/08/2018;-700405;3390183960
16/08/2018;625493224075;2918768580
17/08/2018;0;0
18/08/2018;0;0
19/08/2018;0;0
20/08/2018;402380565736;4097534670
21/08/2018;574490166609;4482042840
22/08/2018;0;0
23/08/2018;567440879529;2878896930
24/08/2018;0;2421540975
25/08/2018;0;0
26/08/2018;0;0
27/08/2018;233145330325;2990109960
28/08/2018;396548873854;3345638250
29/08/2018;528230679172;2795407630
30/08/2018;193717949046;1691490960
31/08/2018;1719938350293;3293688040
01/09/2018;0;0
02/09/2018;0;0
03/09/2018;2818793134079;3354907650
04/09/2018;0;3028952640
05/09/2018;482156819661;2842514535
06/09/2018;0;2526585545
07/09/2018;329268099865;2682948390
08/09/2018;0;0
09/09/2018;0;0
10/09/2018;569118072496;3126465230
11/09/2018;0;0
12/09/2018;204539537989;3485078650
13/09/2018;45200558092;3201582090
14/09/2018;340442815502;2886041250
15/09/2018;0;0
16/09/2018;0;0
17/09/2018;0;3761862600
18/09/2018;1278846734430;3476858000
19/09/2018;0;2750436125
20/09/2018;2411760261;2395016250
21/09/2018;1048836903797;2389229700
22/09/2018;0;0
23/09/2018;0;0
24/09/2018;0;3172662700
25/09/2018;153202937068;3507625070
26/09/2018;0;2902681125
27/09/2018;125884134787;2948233030
28/09/2018;534288780198;4571706215
29/09/2018;0;0
30/09/2018;0;0
01/10/2018;433995233424;2877914105
02/10/2018;3635502453362;2698856000
03/10/2018;610734192802;3004884750
04/10/2018;187479292481;2889582510
05/10/2018;0;3446591325
06/10/2018;0;0
07/10/2018;0;0
08/10/2018;552739525204;4005504180
09/10/2018;531668543498;3847110855
10/10/2018;323548203669;3182554340
11/10/2018;161991355503;2977638350
12/10/2018;65100907977;3177647550
13/10/2018;0;0
14/10/2018;0;0
15/10/2018;0;3958149000
16/10/2018;904271894290;3615190650
17/10/2018;505059444052;3308222670
18/10/2018;0;2561924540
19/10/2018;615798071805;3213216950
20/10/2018;0;0
21/10/2018;0;0
22/10/2018;105960243390;3687959290
23/10/2018;266197102742;3976716500
24/10/2018;0;2822650110
25/10/2018;281538122542;2422995185
26/10/2018;0;2839340030
27/10/2018;0;0
28/10/2018;0;0
29/10/2018;681107528516;3604577760
30/10/2018;610772112000;4442142530
31/10/2018;3290248699714;5581290995
01/11/2018;0;1553969340
02/11/2018;378226609555;2472471305
03/11/2018;0;0
04/11/2018;0;0
05/11/2018;0;4527138210
06/11/2018;804664790;4720459100
07/11/2018;579597146200;4350715740
08/11/2018;0;4290830040
09/11/2018;781581082680;4362691980
10/11/2018;0;0
11/11/2018;0;0
12/11/2018;0;4879886510
13/11/2018;663765461603;5520610600
14/11/2018;221464832710;3983911760
15/11/2018;179261382844;3806163615
16/11/2018;374049948670;3169649075
17/11/2018;0;0
18/11/2018;0;0
19/11/2018;505490679858;4593373400
20/11/2018;0;0
21/11/2018;724438991999;4685341270
22/11/2018;172843904751;4313372250
23/11/2018;527925197430;3029982240
24/11/2018;0;0
25/11/2018;0;0
26/11/2018;212216447967;4421775320
27/11/2018;362687981758;4053973100
28/11/2018;28876158;3468953040
29/11/2018;121978099886;3703007130
30/11/2018;-357670638599;4725132610
01/12/2018;0;0
02/12/2018;0;0
03/12/2018;4610995391289;2451008700
04/12/2018;1297861407667;3126414280
05/12/2018;506319052134;3518474490
06/12/2018;0;2865699210
07/12/2018;0;3588050270
08/12/2018;0;0
09/12/2018;0;0
10/12/2018;714656536521;4248487670
11/12/2018;545502149389;4182891900
12/12/2018;62232699468;3628672000
13/12/2018;502931642834;3620155665
14/12/2018;0;2826158800
15/12/2018;0;0
16/12/2018;0;0
17/12/2018;330509769567;3959424525
18/12/2018;71948256889;4280972215
19/12/2018;533606226457;3529302345
20/12/2018;0;3356469870
21/12/2018;192432705491;3503420775
22/12/2018;0;0
23/12/2018;0;0
24/12/2018;0;0
25/12/2018;0;0
26/12/2018;1311248637341;4781495430
27/12/2018;381678954008;4292271720
28/12/2018;-444361814696;6298545945
29/12/2018;0;0
30/12/2018;0;0
31/12/2018;-23770324423875;8540153595
01/01/2019;0;0
02/01/2019;0;219854240
03/01/2019;0;2920246875
04/01/2019;0;4369381785
05/01/2019;0;0
06/01/2019;0;0
07/01/2019;433239388575;5444034555
08/01/2019;0;5121853425
09/01/2019;487640082390;4152059180
10/01/2019;0;3528930680
11/01/2019;211000267229;3542055720
12/01/2019;0;0
13/01/2019;0;0
14/01/2019;692025328638;4560320660
15/01/2019;345372681982;4276567780
16/01/2019;0;3405294000
17/01/2019;609828503894;3053506925
18/01/2019;261873571668;2468181100
19/01/2019;0;0
20/01/2019;0;0
21/01/2019;0;3735055465
22/01/2019;636276332936;3688476030
23/01/2019;0;3208843275
24/01/2019;0;3266217750
25/01/2019;468085122497;2498692725
26/01/2019;0;0
27/01/2019;0;0
28/01/2019;0;3537966000
29/01/2019;553566019309;4089080880
30/01/2019;99408377191;3969549255
31/01/2019;646341300493;5513308570
01/02/2019;1861586059482;1523975320
02/02/2019;0;0
03/02/2019;0;0
04/02/2019;737683222319;2408223100
05/02/2019;0;0
06/02/2019;382035410506;4762463810
07/02/2019;241142493445;4437160000
08/02/2019;395016988123;3711755960
09/02/2019;0;0
10/02/2019;0;0
11/02/2019;176030373543;4769602775
12/02/2019;210744325401;4538804500
13/02/2019;0;3476175495
14/02/2019;525775800474;3145416390
15/02/2019;265809843854;2734206565
16/02/2019;0;0
17/02/2019;0;0
18/02/2019;0;4451857025
19/02/2019;434638800086;3493807710
20/02/2019;92947391999;3001450925
21/02/2019;326118169;3145855390
22/02/2019;0;2875943650
23/02/2019;0;0
24/02/2019;0;0
25/02/2019;591860231941;3730149850
26/02/2019;390726321572;4227691600
27/02/2019;381205082003;3321084725
28/02/2019;0;6360799760
01/03/2019;94562358687;1279523710
02/03/2019;0;0
03/03/2019;0;0
04/03/2019;912432017084;3017676705
05/03/2019;2687099692138;4431823000
06/03/2019;367545996782;3190138380
07/03/2019;0;0
08/03/2019;0;3300395525
09/03/2019;0;0
10/03/2019;0;0
11/03/2019;410193136398;5123070130
12/03/2019;419873315257;4888270100
13/03/2019;24720038751;4155228280
14/03/2019;109574163180;3596840280
15/03/2019;590171098133;2862154845
16/03/2019;0;0
17/03/2019;0;0
18/03/2019;0;4237514990
19/03/2019;665774920607;3950531690
20/03/2019;3009463353;3196053500
21/03/2019;156640930384;2580731250
22/03/2019;0;2883155190
23/03/2019;0;0
24/03/2019;0;0
25/03/2019;358791366181;3635211360
26/03/2019;891500959050;4222490175
27/03/2019;85453876151;2716719970
28/03/2019;105626509542;3555001245
29/03/2019;376787036279;4490691150
30/03/2019;0;0
31/03/2019;0;0
01/04/2019;1245339582045;3601663725
02/04/2019;117496340742;3833561040
03/04/2019;0;0
04/04/2019;0;3279166845
05/04/2019;557982638982;4175632120
06/04/2019;0;0
07/04/2019;0;0
08/04/2019;3936060;5218282370
09/04/2019;709209062713;4595562490
10/04/2019;3292993619;4253171280
11/04/2019;396174601900;3562816350
12/04/2019;1360811744;3366226260
13/04/2019;0;0
14/04/2019;0;0
15/04/2019;1574560;4189656135
16/04/2019;1044584707443;4152171390
17/04/2019;0;0
18/04/2019;39914264965;2218361600
19/04/2019;0;0
20/04/2019;0;0
21/04/2019;0;0
22/04/2019;449351909114;2207840700
23/04/2019;649725594818;4524120400
24/04/2019;191399100272;4735928680
25/04/2019;760805571082;3223949865
26/04/2019;0;3291025270
27/04/2019;0;0
28/04/2019;0;0
29/04/2019;185459978968;4384172275
30/04/2019;-266983041654;8791972910
01/05/2019;0;0
02/05/2019;2451727018148;1975933700
03/05/2019;988013035050;3460081680
04/05/2019;0;0
05/05/2019;0;0
06/05/2019;0;6001376890
07/05/2019;0;4598372890
08/05/2019;548085477526;4383088000
09/05/2019;239378491157;4037155200
10/05/2019;0;3033314255
11/05/2019;0;0
12/05/2019;0;0
13/05/2019;1802017439;4458926745
14/05/2019;823652228321;3987483260
15/05/2019;189226750932;3718512420
16/05/2019;455658784096;3159518080
17/05/2019;0;2970249685
18/05/2019;0;0
19/05/2019;0;0
20/05/2019;354275794741;4109681570
21/05/2019;563852192414;4469022730
22/05/2019;252231174447;3596283615
23/05/2019;0;3044835495
24/05/2019;185344265720;2390460500
25/05/2019;0;0
26/05/2019;0;0
27/05/2019;528416592103;3992055000
28/05/2019;674469096409;4997820840
29/05/2019;0;5621788800
30/05/2019;0;0
31/05/2019;4263649375507;6523997750
01/06/2019;0;0
02/06/2019;0;0
03/06/2019;0;0
04/06/2019;0;0
05/06/2019;0;0
06/06/2019;0;0
07/06/2019;0;0
08/06/2019;0;0
09/06/2019;0;0
10/06/2019;0;2413411335
11/06/2019;2821920521;3831987400
12/06/2019;0;5614644210
13/06/2019;0;5069510240
14/06/2019;1290662621381;4371313050
15/06/2019;0;0
16/06/2019;0;0
17/06/2019;0;5596943695
18/06/2019;804983148632;5941678950
19/06/2019;0;4555914160
20/06/2019;54637450577;3905484200
21/06/2019;3427485470;3970861220
22/06/2019;0;0
23/06/2019;0;0
24/06/2019;398118906158;4339154420
25/06/2019;-214528950264;6209195640
26/06/2019;128715427288;4710391875
27/06/2019;7665375881;4495837860
28/06/2019;0;6203837125
29/06/2019;0;0
30/06/2019;0;0
01/07/2019;62749435476;4069846725
02/07/2019;2460497209135;4913478440
03/07/2019;741575288894;4301471435
04/07/2019;0;4413255210
05/07/2019;649674233448;4265211200
06/07/2019;0;0
07/07/2019;0;0
08/07/2019;0;5719970640
09/07/2019;153913262311;5396743470
10/07/2019;638522270694;4278218890
11/07/2019;30756433708;4036617455
12/07/2019;728617089327;4720019980
13/07/2019;0;0
14/07/2019;0;0
15/07/2019;0;5736038015
16/07/2019;353102447560;5028803850
17/07/2019;66315085779;4431157770
18/07/2019;96371447717;3574124920
19/07/2019;542666223891;3037056160
20/07/2019;0;0
21/07/2019;0;0
22/07/2019;0;4264623500
23/07/2019;703753879972;4558042830
24/07/2019;96750165476;3569884880
25/07/2019;47106449612;2891336000
26/07/2019;331942061635;2900789415
27/07/2019;0;0
28/07/2019;0;0
29/07/2019;445350773967;4704624000
30/07/2019;695263173958;4925260230
31/07/2019;840823234549;7189261485
01/08/2019;544364813866;1778672145
02/08/2019;0;2483565240
03/08/2019;0;0
04/08/2019;0;0
05/08/2019;419430260613;3914866890
06/08/2019;125731417103;4800749800
07/08/2019;0;4436316280
08/08/2019;0;4060367850
09/08/2019;124666328984;3950768260
10/08/2019;0;0
11/08/2019;0;0
12/08/2019;398153778421;4543265760
13/08/2019;737657715160;4163294575
14/08/2019;372042361633;3801072750
15/08/2019;69634929000;3046228560
16/08/2019;63899539800;3547271455
17/08/2019;0;0
18/08/2019;0;0
19/08/2019;608858920268;2714334920
20/08/2019;437959738489;3984831580
21/08/2019;138470233889;2779007400
22/08/2019;413302297399;3448556760
23/08/2019;424761270228;2921101080
24/08/2019;0;0
25/08/2019;0;0
26/08/2019;2152777949;3837474745
27/08/2019;230514076897;4675122320
28/08/2019;94818039559;3387387780
29/08/2019;0;3509885240
30/08/2019;-9511087130480;6328268000
31/08/2019;0;0
01/09/2019;0;0
02/09/2019;0;4021715775
03/09/2019;939402344176;4417545040
04/09/2019;0;3574535340
05/09/2019;54137100597;4863682800
06/09/2019;0;5126395400
07/09/2019;0;0
08/09/2019;0;0
09/09/2019;269889764810;5810366750
10/09/2019;1084855309652;6444419940
11/09/2019;0;5309875200
12/09/2019;20220455112;4455997845
13/09/2019;710297808439;4266018720
14/09/2019;0;0
15/09/2019;0;0
16/09/2019;0;4329917250
17/09/2019;192240346778;4579367920
18/09/2019;0;4764656125
19/09/2019;305329821117;3400568775
20/09/2019;254110988880;3380307420
21/09/2019;0;0
22/09/2019;0;0
23/09/2019;367687489;3947434530
24/09/2019;499451752295;4633077150
25/09/2019;390926153382;3875268580
26/09/2019;0;3544904250
27/09/2019;0;3184790910
28/09/2019;0;0
29/09/2019;0;0
30/09/2019;461792051529;7725323260
01/10/2019;1368451918059;3218884620
02/10/2019;1372554998993;2511794650
03/10/2019;217364;2956892120
04/10/2019;0;3290414660
05/10/2019;0;0
06/10/2019;0;0
07/10/2019;482226110260;4116272305
08/10/2019;0;4964326825
09/10/2019;363163926502;4555418910
10/10/2019;0;3373758810
11/10/2019;409295991542;3631395040
12/10/2019;0;0
13/10/2019;0;0
14/10/2019;190501980424;4642282576
15/10/2019;425558086747;4297475779
16/10/2019;120262616411;3760478865
17/10/2019;454570026042;3182817645
18/10/2019;137984931127;2917787230
19/10/2019;0;0
20/10/2019;0;0
21/10/2019;0;4672287840
22/10/2019;268145252601;4003198870
23/10/2019;487827498901;3841395075
24/10/2019;0;2948705760
25/10/2019;640417032406;3087012640
26/10/2019;0;0
27/10/2019;0;0
28/10/2019;255378058737;4735098005
29/10/2019;518945502328;5283192790
30/10/2019;507631662161;4541177780
31/10/2019;803792936880;7032467990
01/11/2019;237850149192;1678912200
02/11/2019;0;0
03/11/2019;0;0
04/11/2019;60531226237;3891376980
05/11/2019;0;4961935350
06/11/2019;474055527869;4493448960
07/11/2019;0;3808692300
08/11/2019;399398672478;3748784490
09/11/2019;0;0
10/11/2019;0;0
11/11/2019;454141728378;4191441150
12/11/2019;570025895;4380471440
13/11/2019;307783514782;4554702555
14/11/2019;0;3368138790
15/11/2019;684306352928;3515119000
16/11/2019;0;0
17/11/2019;0;0
18/11/2019;0;4429558320
19/11/2019;1000481357089;4120488960
20/11/2019;132725665726;3324960495
21/11/2019;576630603225;2978429475
22/11/2019;186550202161;3472136820
23/11/2019;0;0
24/11/2019;0;0
25/11/2019;371408929967;3525511110
26/11/2019;82223393;4699721995
27/11/2019;0;3294585150
28/11/2019;189614037519;3627493320
29/11/2019;-68457955248;4530328320
30/11/2019;0;0
01/12/2019;0;0
02/12/2019;0;3582412920
03/12/2019;1602238909620;2963407265
04/12/2019;0;3394899830
05/12/2019;402881729482;3386758530
06/12/2019;135410644919;3737672625
07/12/2019;0;0
08/12/2019;0;0
09/12/2019;0;4385335080
10/12/2019;540554190233;4584028900
11/12/2019;526039295310;4289440000
12/12/2019;0;2928738150
13/12/2019;281234061548;3515040000
14/12/2019;0;0
15/12/2019;0;0
16/12/2019;0;4734554955
17/12/2019;695265692295;4667168000
18/12/2019;-7406376303161;3621970760
19/12/2019;66657895609;3652828380
20/12/2019;586432030624;3279698100
21/12/2019;0;0
22/12/2019;0;0
23/12/2019;610538751309;3778260050
24/12/2019;0;0
25/12/2019;0;0
26/12/2019;0;5921108270
27/12/2019;423392989226;5079061680
28/12/2019;0;0
29/12/2019;0;0
30/12/2019;159662796491;6847508650
31/12/2019;3165371016985;8736062600
